CREATE DATABASE IF NOT EXISTS hospital_management;

USE hospital_management;

SET FOREIGN_KEY_CHECKS = 0;

DROP TABLE IF EXISTS emergency_cases, room_allocation, billing, prescriptions, medical_records, appointments, pharmacy, staff, patients, doctors, departments;

SET FOREIGN_KEY_CHECKS = 1;

CREATE TABLE departments (
  departmentId INT PRIMARY KEY,
  name VARCHAR(80) NOT NULL,
  floor INT NOT NULL
);

CREATE TABLE doctors (
  DoctorId INT PRIMARY KEY,
  DoctorName VARCHAR(120) NOT NULL,
  Specialty VARCHAR(120) NOT NULL,
  departmentId INT NOT NULL,
  phone VARCHAR(15) NOT NULL,
  email VARCHAR(160) NOT NULL UNIQUE,
  experienceYears INT NOT NULL,
  FOREIGN KEY (departmentId) REFERENCES departments(departmentId)
);

CREATE TABLE patients (
  patientId INT PRIMARY KEY,
  PatientName VARCHAR(120) NOT NULL,
  Age INT NOT NULL,
  gender VARCHAR(20) NOT NULL,
  bloodGroup VARCHAR(5) NOT NULL,
  phone VARCHAR(15) NOT NULL,
  email VARCHAR(160) NOT NULL UNIQUE,
  address VARCHAR(255) NOT NULL
);

CREATE TABLE staff (
  staffId INT PRIMARY KEY,
  StaffName VARCHAR(120) NOT NULL,
  Role VARCHAR(80) NOT NULL,
  departmentId INT NOT NULL,
  phone VARCHAR(15) NOT NULL,
  FOREIGN KEY (departmentId) REFERENCES departments(departmentId)
);

CREATE TABLE pharmacy (
  medicineId INT PRIMARY KEY,
  MedicineName VARCHAR(120) NOT NULL,
  Price DECIMAL(10,2) NOT NULL,
  stock INT NOT NULL
);

CREATE TABLE appointments (
  appointmentId INT PRIMARY KEY,
  patientId INT NOT NULL,
  DoctorId INT NOT NULL,
  appointmentDate DATETIME NOT NULL,
  reason VARCHAR(120) NOT NULL,
  status VARCHAR(40) NOT NULL,
  FOREIGN KEY (patientId) REFERENCES patients(patientId),
  FOREIGN KEY (DoctorId) REFERENCES doctors(DoctorId)
);

CREATE TABLE medical_records (
  recordId INT PRIMARY KEY,
  patientId INT NOT NULL,
  DoctorId INT NOT NULL,
  diagnosis VARCHAR(120) NOT NULL,
  notes TEXT NOT NULL,
  FOREIGN KEY (patientId) REFERENCES patients(patientId),
  FOREIGN KEY (DoctorId) REFERENCES doctors(DoctorId)
);

CREATE TABLE prescriptions (
  prescriptionId INT PRIMARY KEY,
  recordId INT NOT NULL,
  medicineId INT NOT NULL,
  dosage VARCHAR(20) NOT NULL,
  days INT NOT NULL,
  FOREIGN KEY (recordId) REFERENCES medical_records(recordId),
  FOREIGN KEY (medicineId) REFERENCES pharmacy(medicineId)
);

CREATE TABLE billing (
  billId INT PRIMARY KEY,
  appointmentId INT NOT NULL,
  amount DECIMAL(10,2) NOT NULL,
  paymentStatus VARCHAR(30) NOT NULL,
  FOREIGN KEY (appointmentId) REFERENCES appointments(appointmentId)
);

CREATE TABLE room_allocation (
  roomId INT PRIMARY KEY,
  patientId INT NOT NULL,
  roomNumber VARCHAR(10) NOT NULL,
  ward VARCHAR(40) NOT NULL,
  admittedOn DATE NOT NULL,
  FOREIGN KEY (patientId) REFERENCES patients(patientId)
);

CREATE TABLE emergency_cases (
  emergencyId INT PRIMARY KEY,
  patientId INT NOT NULL,
  DoctorId INT NOT NULL,
  severity VARCHAR(20) NOT NULL,
  caseType VARCHAR(80) NOT NULL,
  FOREIGN KEY (patientId) REFERENCES patients(patientId),
  FOREIGN KEY (DoctorId) REFERENCES doctors(DoctorId)
);

INSERT INTO departments (departmentId, name, floor) VALUES
(1, 'Cardiology', 1),
(2, 'Neurology', 1),
(3, 'Orthopedics', 2),
(4, 'Pediatrics', 2),
(5, 'General Medicine', 3),
(6, 'Dermatology', 3),
(7, 'ENT', 4),
(8, 'Ophthalmology', 4),
(9, 'Gynecology', 5),
(10, 'Emergency', 5);

INSERT INTO doctors (DoctorId, DoctorName, Specialty, departmentId, phone, email, experienceYears) VALUES
(101, 'Dr. Aarav Sharma', 'Cardiologist', 1, '9800007919', 'dr.aarav.sharma.1@hospital.example', 4),
(102, 'Dr. Vivaan Patel', 'Neurologist', 2, '9800015838', 'dr.vivaan.patel.2@hospital.example', 5),
(103, 'Dr. Aditya Reddy', 'Orthopedic Surgeon', 3, '9800023757', 'dr.aditya.reddy.3@hospital.example', 6),
(104, 'Dr. Vihaan Nair', 'Pediatrician', 4, '9800031676', 'dr.vihaan.nair.4@hospital.example', 7),
(105, 'Dr. Arjun Iyer', 'General Physician', 5, '9800039595', 'dr.arjun.iyer.5@hospital.example', 8),
(106, 'Dr. Sai Khan', 'Dermatologist', 6, '9800047514', 'dr.sai.khan.6@hospital.example', 9),
(107, 'Dr. Reyansh Rao', 'ENT Specialist', 7, '9800055433', 'dr.reyansh.rao.7@hospital.example', 10),
(108, 'Dr. Ayaan Das', 'Ophthalmologist', 8, '9800063352', 'dr.ayaan.das.8@hospital.example', 11),
(109, 'Dr. Krishna Kulkarni', 'Gynecologist', 9, '9800071271', 'dr.krishna.kulkarni.9@hospital.example', 12),
(110, 'Dr. Ishaan Gowda', 'Emergency Physician', 10, '9800079190', 'dr.ishaan.gowda.10@hospital.example', 13),
(111, 'Dr. Ananya Shetty', 'Cardiologist', 1, '9800087109', 'dr.ananya.shetty.11@hospital.example', 14),
(112, 'Dr. Diya Menon', 'Neurologist', 2, '9800095028', 'dr.diya.menon.12@hospital.example', 15),
(113, 'Dr. Aadhya Verma', 'Orthopedic Surgeon', 3, '9800102947', 'dr.aadhya.verma.13@hospital.example', 16),
(114, 'Dr. Myra Joshi', 'Pediatrician', 4, '9800110866', 'dr.myra.joshi.14@hospital.example', 17),
(115, 'Dr. Sara Bose', 'General Physician', 5, '9800118785', 'dr.sara.bose.15@hospital.example', 18),
(116, 'Dr. Ira Sharma', 'Dermatologist', 6, '9800126704', 'dr.ira.sharma.16@hospital.example', 19),
(117, 'Dr. Meera Patel', 'ENT Specialist', 7, '9800134623', 'dr.meera.patel.17@hospital.example', 20),
(118, 'Dr. Kavya Reddy', 'Ophthalmologist', 8, '9800142542', 'dr.kavya.reddy.18@hospital.example', 21),
(119, 'Dr. Saanvi Nair', 'Gynecologist', 9, '9800150461', 'dr.saanvi.nair.19@hospital.example', 22),
(120, 'Dr. Riya Iyer', 'Emergency Physician', 10, '9800158380', 'dr.riya.iyer.20@hospital.example', 23),
(121, 'Dr. Aarav Khan', 'Cardiologist', 1, '9800166299', 'dr.aarav.khan.21@hospital.example', 24),
(122, 'Dr. Vivaan Rao', 'Neurologist', 2, '9800174218', 'dr.vivaan.rao.22@hospital.example', 25),
(123, 'Dr. Aditya Das', 'Orthopedic Surgeon', 3, '9800182137', 'dr.aditya.das.23@hospital.example', 26),
(124, 'Dr. Vihaan Kulkarni', 'Pediatrician', 4, '9800190056', 'dr.vihaan.kulkarni.24@hospital.example', 27),
(125, 'Dr. Arjun Gowda', 'General Physician', 5, '9800197975', 'dr.arjun.gowda.25@hospital.example', 4),
(126, 'Dr. Sai Shetty', 'Dermatologist', 6, '9800205894', 'dr.sai.shetty.26@hospital.example', 5),
(127, 'Dr. Reyansh Menon', 'ENT Specialist', 7, '9800213813', 'dr.reyansh.menon.27@hospital.example', 6),
(128, 'Dr. Ayaan Verma', 'Ophthalmologist', 8, '9800221732', 'dr.ayaan.verma.28@hospital.example', 7),
(129, 'Dr. Krishna Joshi', 'Gynecologist', 9, '9800229651', 'dr.krishna.joshi.29@hospital.example', 8),
(130, 'Dr. Ishaan Bose', 'Emergency Physician', 10, '9800237570', 'dr.ishaan.bose.30@hospital.example', 9),
(131, 'Dr. Ananya Sharma', 'Cardiologist', 1, '9800245489', 'dr.ananya.sharma.31@hospital.example', 10),
(132, 'Dr. Diya Patel', 'Neurologist', 2, '9800253408', 'dr.diya.patel.32@hospital.example', 11),
(133, 'Dr. Aadhya Reddy', 'Orthopedic Surgeon', 3, '9800261327', 'dr.aadhya.reddy.33@hospital.example', 12),
(134, 'Dr. Myra Nair', 'Pediatrician', 4, '9800269246', 'dr.myra.nair.34@hospital.example', 13),
(135, 'Dr. Sara Iyer', 'General Physician', 5, '9800277165', 'dr.sara.iyer.35@hospital.example', 14),
(136, 'Dr. Ira Khan', 'Dermatologist', 6, '9800285084', 'dr.ira.khan.36@hospital.example', 15),
(137, 'Dr. Meera Rao', 'ENT Specialist', 7, '9800293003', 'dr.meera.rao.37@hospital.example', 16),
(138, 'Dr. Kavya Das', 'Ophthalmologist', 8, '9800300922', 'dr.kavya.das.38@hospital.example', 17),
(139, 'Dr. Saanvi Kulkarni', 'Gynecologist', 9, '9800308841', 'dr.saanvi.kulkarni.39@hospital.example', 18),
(140, 'Dr. Riya Gowda', 'Emergency Physician', 10, '9800316760', 'dr.riya.gowda.40@hospital.example', 19);

INSERT INTO patients (patientId, PatientName, Age, gender, bloodGroup, phone, email, address) VALUES
(501, 'Ayaan Das', 1, 'Female', 'A+', '9800799819', 'ayaan.das.1@patient.example', '12, Bengaluru Main Road, Bengaluru'),
(502, 'Krishna Kulkarni', 8, 'Male', 'A-', '9800807738', 'krishna.kulkarni.2@patient.example', '13, Mysuru Main Road, Mysuru'),
(503, 'Ishaan Gowda', 15, 'Female', 'B+', '9800815657', 'ishaan.gowda.3@patient.example', '14, Mangaluru Main Road, Mangaluru'),
(504, 'Ananya Shetty', 22, 'Male', 'B-', '9800823576', 'ananya.shetty.4@patient.example', '15, Hyderabad Main Road, Hyderabad'),
(505, 'Diya Menon', 29, 'Female', 'AB+', '9800831495', 'diya.menon.5@patient.example', '16, Chennai Main Road, Chennai'),
(506, 'Aadhya Verma', 36, 'Male', 'AB-', '9800839414', 'aadhya.verma.6@patient.example', '17, Pune Main Road, Pune'),
(507, 'Myra Joshi', 43, 'Female', 'O+', '9800847333', 'myra.joshi.7@patient.example', '18, Mumbai Main Road, Mumbai'),
(508, 'Sara Bose', 50, 'Male', 'O-', '9800855252', 'sara.bose.8@patient.example', '19, Delhi Main Road, Delhi'),
(509, 'Ira Sharma', 57, 'Female', 'A+', '9800863171', 'ira.sharma.9@patient.example', '20, Kochi Main Road, Kochi'),
(510, 'Meera Patel', 64, 'Male', 'A-', '9800871090', 'meera.patel.10@patient.example', '21, Jaipur Main Road, Jaipur'),
(511, 'Kavya Reddy', 71, 'Female', 'B+', '9800879009', 'kavya.reddy.11@patient.example', '22, Ahmedabad Main Road, Ahmedabad'),
(512, 'Saanvi Nair', 78, 'Male', 'B-', '9800886928', 'saanvi.nair.12@patient.example', '23, Kolkata Main Road, Kolkata'),
(513, 'Riya Iyer', 3, 'Female', 'AB+', '9800894847', 'riya.iyer.13@patient.example', '24, Bengaluru Main Road, Bengaluru'),
(514, 'Aarav Khan', 10, 'Male', 'AB-', '9800902766', 'aarav.khan.14@patient.example', '25, Mysuru Main Road, Mysuru'),
(515, 'Vivaan Rao', 17, 'Female', 'O+', '9800910685', 'vivaan.rao.15@patient.example', '26, Mangaluru Main Road, Mangaluru'),
(516, 'Aditya Das', 24, 'Male', 'O-', '9800918604', 'aditya.das.16@patient.example', '27, Hyderabad Main Road, Hyderabad'),
(517, 'Vihaan Kulkarni', 31, 'Female', 'A+', '9800926523', 'vihaan.kulkarni.17@patient.example', '28, Chennai Main Road, Chennai'),
(518, 'Arjun Gowda', 38, 'Male', 'A-', '9800934442', 'arjun.gowda.18@patient.example', '29, Pune Main Road, Pune'),
(519, 'Sai Shetty', 45, 'Female', 'B+', '9800942361', 'sai.shetty.19@patient.example', '30, Mumbai Main Road, Mumbai'),
(520, 'Reyansh Menon', 52, 'Male', 'B-', '9800950280', 'reyansh.menon.20@patient.example', '31, Delhi Main Road, Delhi'),
(521, 'Ayaan Verma', 59, 'Female', 'AB+', '9800958199', 'ayaan.verma.21@patient.example', '32, Kochi Main Road, Kochi'),
(522, 'Krishna Joshi', 66, 'Male', 'AB-', '9800966118', 'krishna.joshi.22@patient.example', '33, Jaipur Main Road, Jaipur'),
(523, 'Ishaan Bose', 73, 'Female', 'O+', '9800974037', 'ishaan.bose.23@patient.example', '34, Ahmedabad Main Road, Ahmedabad'),
(524, 'Ananya Sharma', 80, 'Male', 'O-', '9800981956', 'ananya.sharma.24@patient.example', '35, Kolkata Main Road, Kolkata'),
(525, 'Diya Patel', 5, 'Female', 'A+', '9800989875', 'diya.patel.25@patient.example', '36, Bengaluru Main Road, Bengaluru'),
(526, 'Aadhya Reddy', 12, 'Male', 'A-', '9800997794', 'aadhya.reddy.26@patient.example', '37, Mysuru Main Road, Mysuru'),
(527, 'Myra Nair', 19, 'Female', 'B+', '9801005713', 'myra.nair.27@patient.example', '38, Mangaluru Main Road, Mangaluru'),
(528, 'Sara Iyer', 26, 'Male', 'B-', '9801013632', 'sara.iyer.28@patient.example', '39, Hyderabad Main Road, Hyderabad'),
(529, 'Ira Khan', 33, 'Female', 'AB+', '9801021551', 'ira.khan.29@patient.example', '40, Chennai Main Road, Chennai'),
(530, 'Meera Rao', 40, 'Male', 'AB-', '9801029470', 'meera.rao.30@patient.example', '41, Pune Main Road, Pune'),
(531, 'Kavya Das', 47, 'Female', 'O+', '9801037389', 'kavya.das.31@patient.example', '42, Mumbai Main Road, Mumbai'),
(532, 'Saanvi Kulkarni', 54, 'Male', 'O-', '9801045308', 'saanvi.kulkarni.32@patient.example', '43, Delhi Main Road, Delhi'),
(533, 'Riya Gowda', 61, 'Female', 'A+', '9801053227', 'riya.gowda.33@patient.example', '44, Kochi Main Road, Kochi'),
(534, 'Aarav Shetty', 68, 'Male', 'A-', '9801061146', 'aarav.shetty.34@patient.example', '45, Jaipur Main Road, Jaipur'),
(535, 'Vivaan Menon', 75, 'Female', 'B+', '9801069065', 'vivaan.menon.35@patient.example', '46, Ahmedabad Main Road, Ahmedabad'),
(536, 'Aditya Verma', 82, 'Male', 'B-', '9801076984', 'aditya.verma.36@patient.example', '47, Kolkata Main Road, Kolkata'),
(537, 'Vihaan Joshi', 7, 'Female', 'AB+', '9801084903', 'vihaan.joshi.37@patient.example', '48, Bengaluru Main Road, Bengaluru'),
(538, 'Arjun Bose', 14, 'Male', 'AB-', '9801092822', 'arjun.bose.38@patient.example', '49, Mysuru Main Road, Mysuru'),
(539, 'Sai Sharma', 21, 'Female', 'O+', '9801100741', 'sai.sharma.39@patient.example', '50, Mangaluru Main Road, Mangaluru'),
(540, 'Reyansh Patel', 28, 'Male', 'O-', '9801108660', 'reyansh.patel.40@patient.example', '51, Hyderabad Main Road, Hyderabad'),
(541, 'Ayaan Reddy', 35, 'Female', 'A+', '9801116579', 'ayaan.reddy.41@patient.example', '52, Chennai Main Road, Chennai'),
(542, 'Krishna Nair', 42, 'Male', 'A-', '9801124498', 'krishna.nair.42@patient.example', '53, Pune Main Road, Pune'),
(543, 'Ishaan Iyer', 49, 'Female', 'B+', '9801132417', 'ishaan.iyer.43@patient.example', '54, Mumbai Main Road, Mumbai'),
(544, 'Ananya Khan', 56, 'Male', 'B-', '9801140336', 'ananya.khan.44@patient.example', '55, Delhi Main Road, Delhi'),
(545, 'Diya Rao', 63, 'Female', 'AB+', '9801148255', 'diya.rao.45@patient.example', '56, Kochi Main Road, Kochi'),
(546, 'Aadhya Das', 70, 'Male', 'AB-', '9801156174', 'aadhya.das.46@patient.example', '57, Jaipur Main Road, Jaipur'),
(547, 'Myra Kulkarni', 77, 'Female', 'O+', '9801164093', 'myra.kulkarni.47@patient.example', '58, Ahmedabad Main Road, Ahmedabad'),
(548, 'Sara Gowda', 2, 'Male', 'O-', '9801172012', 'sara.gowda.48@patient.example', '59, Kolkata Main Road, Kolkata'),
(549, 'Ira Shetty', 9, 'Female', 'A+', '9801179931', 'ira.shetty.49@patient.example', '60, Bengaluru Main Road, Bengaluru'),
(550, 'Meera Menon', 16, 'Male', 'A-', '9801187850', 'meera.menon.50@patient.example', '61, Mysuru Main Road, Mysuru'),
(551, 'Kavya Verma', 23, 'Female', 'B+', '9801195769', 'kavya.verma.51@patient.example', '62, Mangaluru Main Road, Mangaluru'),
(552, 'Saanvi Joshi', 30, 'Male', 'B-', '9801203688', 'saanvi.joshi.52@patient.example', '63, Hyderabad Main Road, Hyderabad'),
(553, 'Riya Bose', 37, 'Female', 'AB+', '9801211607', 'riya.bose.53@patient.example', '64, Chennai Main Road, Chennai'),
(554, 'Aarav Sharma', 44, 'Male', 'AB-', '9801219526', 'aarav.sharma.54@patient.example', '65, Pune Main Road, Pune'),
(555, 'Vivaan Patel', 51, 'Female', 'O+', '9801227445', 'vivaan.patel.55@patient.example', '66, Mumbai Main Road, Mumbai'),
(556, 'Aditya Reddy', 58, 'Male', 'O-', '9801235364', 'aditya.reddy.56@patient.example', '67, Delhi Main Road, Delhi'),
(557, 'Vihaan Nair', 65, 'Female', 'A+', '9801243283', 'vihaan.nair.57@patient.example', '68, Kochi Main Road, Kochi'),
(558, 'Arjun Iyer', 72, 'Male', 'A-', '9801251202', 'arjun.iyer.58@patient.example', '69, Jaipur Main Road, Jaipur'),
(559, 'Sai Khan', 79, 'Female', 'B+', '9801259121', 'sai.khan.59@patient.example', '70, Ahmedabad Main Road, Ahmedabad'),
(560, 'Reyansh Rao', 4, 'Male', 'B-', '9801267040', 'reyansh.rao.60@patient.example', '71, Kolkata Main Road, Kolkata'),
(561, 'Ayaan Das', 11, 'Female', 'AB+', '9801274959', 'ayaan.das.61@patient.example', '72, Bengaluru Main Road, Bengaluru'),
(562, 'Krishna Kulkarni', 18, 'Male', 'AB-', '9801282878', 'krishna.kulkarni.62@patient.example', '73, Mysuru Main Road, Mysuru'),
(563, 'Ishaan Gowda', 25, 'Female', 'O+', '9801290797', 'ishaan.gowda.63@patient.example', '74, Mangaluru Main Road, Mangaluru'),
(564, 'Ananya Shetty', 32, 'Male', 'O-', '9801298716', 'ananya.shetty.64@patient.example', '75, Hyderabad Main Road, Hyderabad'),
(565, 'Diya Menon', 39, 'Female', 'A+', '9801306635', 'diya.menon.65@patient.example', '76, Chennai Main Road, Chennai'),
(566, 'Aadhya Verma', 46, 'Male', 'A-', '9801314554', 'aadhya.verma.66@patient.example', '77, Pune Main Road, Pune'),
(567, 'Myra Joshi', 53, 'Female', 'B+', '9801322473', 'myra.joshi.67@patient.example', '78, Mumbai Main Road, Mumbai'),
(568, 'Sara Bose', 60, 'Male', 'B-', '9801330392', 'sara.bose.68@patient.example', '79, Delhi Main Road, Delhi'),
(569, 'Ira Sharma', 67, 'Female', 'AB+', '9801338311', 'ira.sharma.69@patient.example', '80, Kochi Main Road, Kochi'),
(570, 'Meera Patel', 74, 'Male', 'AB-', '9801346230', 'meera.patel.70@patient.example', '81, Jaipur Main Road, Jaipur'),
(571, 'Kavya Reddy', 81, 'Female', 'O+', '9801354149', 'kavya.reddy.71@patient.example', '82, Ahmedabad Main Road, Ahmedabad'),
(572, 'Saanvi Nair', 6, 'Male', 'O-', '9801362068', 'saanvi.nair.72@patient.example', '83, Kolkata Main Road, Kolkata'),
(573, 'Riya Iyer', 13, 'Female', 'A+', '9801369987', 'riya.iyer.73@patient.example', '84, Bengaluru Main Road, Bengaluru'),
(574, 'Aarav Khan', 20, 'Male', 'A-', '9801377906', 'aarav.khan.74@patient.example', '85, Mysuru Main Road, Mysuru'),
(575, 'Vivaan Rao', 27, 'Female', 'B+', '9801385825', 'vivaan.rao.75@patient.example', '86, Mangaluru Main Road, Mangaluru'),
(576, 'Aditya Das', 34, 'Male', 'B-', '9801393744', 'aditya.das.76@patient.example', '87, Hyderabad Main Road, Hyderabad'),
(577, 'Vihaan Kulkarni', 41, 'Female', 'AB+', '9801401663', 'vihaan.kulkarni.77@patient.example', '88, Chennai Main Road, Chennai'),
(578, 'Arjun Gowda', 48, 'Male', 'AB-', '9801409582', 'arjun.gowda.78@patient.example', '89, Pune Main Road, Pune'),
(579, 'Sai Shetty', 55, 'Female', 'O+', '9801417501', 'sai.shetty.79@patient.example', '90, Mumbai Main Road, Mumbai'),
(580, 'Reyansh Menon', 62, 'Male', 'O-', '9801425420', 'reyansh.menon.80@patient.example', '91, Delhi Main Road, Delhi'),
(581, 'Ayaan Verma', 69, 'Female', 'A+', '9801433339', 'ayaan.verma.81@patient.example', '92, Kochi Main Road, Kochi'),
(582, 'Krishna Joshi', 76, 'Male', 'A-', '9801441258', 'krishna.joshi.82@patient.example', '93, Jaipur Main Road, Jaipur'),
(583, 'Ishaan Bose', 1, 'Female', 'B+', '9801449177', 'ishaan.bose.83@patient.example', '94, Ahmedabad Main Road, Ahmedabad'),
(584, 'Ananya Sharma', 8, 'Male', 'B-', '9801457096', 'ananya.sharma.84@patient.example', '95, Kolkata Main Road, Kolkata'),
(585, 'Diya Patel', 15, 'Female', 'AB+', '9801465015', 'diya.patel.85@patient.example', '96, Bengaluru Main Road, Bengaluru'),
(586, 'Aadhya Reddy', 22, 'Male', 'AB-', '9801472934', 'aadhya.reddy.86@patient.example', '97, Mysuru Main Road, Mysuru'),
(587, 'Myra Nair', 29, 'Female', 'O+', '9801480853', 'myra.nair.87@patient.example', '98, Mangaluru Main Road, Mangaluru'),
(588, 'Sara Iyer', 36, 'Male', 'O-', '9801488772', 'sara.iyer.88@patient.example', '99, Hyderabad Main Road, Hyderabad'),
(589, 'Ira Khan', 43, 'Female', 'A+', '9801496691', 'ira.khan.89@patient.example', '100, Chennai Main Road, Chennai'),
(590, 'Meera Rao', 50, 'Male', 'A-', '9801504610', 'meera.rao.90@patient.example', '101, Pune Main Road, Pune'),
(591, 'Kavya Das', 57, 'Female', 'B+', '9801512529', 'kavya.das.91@patient.example', '102, Mumbai Main Road, Mumbai'),
(592, 'Saanvi Kulkarni', 64, 'Male', 'B-', '9801520448', 'saanvi.kulkarni.92@patient.example', '103, Delhi Main Road, Delhi'),
(593, 'Riya Gowda', 71, 'Female', 'AB+', '9801528367', 'riya.gowda.93@patient.example', '104, Kochi Main Road, Kochi'),
(594, 'Aarav Shetty', 78, 'Male', 'AB-', '9801536286', 'aarav.shetty.94@patient.example', '105, Jaipur Main Road, Jaipur'),
(595, 'Vivaan Menon', 3, 'Female', 'O+', '9801544205', 'vivaan.menon.95@patient.example', '106, Ahmedabad Main Road, Ahmedabad'),
(596, 'Aditya Verma', 10, 'Male', 'O-', '9801552124', 'aditya.verma.96@patient.example', '107, Kolkata Main Road, Kolkata'),
(597, 'Vihaan Joshi', 17, 'Female', 'A+', '9801560043', 'vihaan.joshi.97@patient.example', '108, Bengaluru Main Road, Bengaluru'),
(598, 'Arjun Bose', 24, 'Male', 'A-', '9801567962', 'arjun.bose.98@patient.example', '109, Mysuru Main Road, Mysuru'),
(599, 'Sai Sharma', 31, 'Female', 'B+', '9801575881', 'sai.sharma.99@patient.example', '110, Mangaluru Main Road, Mangaluru'),
(600, 'Reyansh Patel', 38, 'Male', 'B-', '9801583800', 'reyansh.patel.100@patient.example', '111, Hyderabad Main Road, Hyderabad'),
(601, 'Ayaan Reddy', 45, 'Female', 'AB+', '9801591719', 'ayaan.reddy.101@patient.example', '112, Chennai Main Road, Chennai'),
(602, 'Krishna Nair', 52, 'Male', 'AB-', '9801599638', 'krishna.nair.102@patient.example', '113, Pune Main Road, Pune'),
(603, 'Ishaan Iyer', 59, 'Female', 'O+', '9801607557', 'ishaan.iyer.103@patient.example', '114, Mumbai Main Road, Mumbai'),
(604, 'Ananya Khan', 66, 'Male', 'O-', '9801615476', 'ananya.khan.104@patient.example', '115, Delhi Main Road, Delhi'),
(605, 'Diya Rao', 73, 'Female', 'A+', '9801623395', 'diya.rao.105@patient.example', '116, Kochi Main Road, Kochi'),
(606, 'Aadhya Das', 80, 'Male', 'A-', '9801631314', 'aadhya.das.106@patient.example', '117, Jaipur Main Road, Jaipur'),
(607, 'Myra Kulkarni', 5, 'Female', 'B+', '9801639233', 'myra.kulkarni.107@patient.example', '118, Ahmedabad Main Road, Ahmedabad'),
(608, 'Sara Gowda', 12, 'Male', 'B-', '9801647152', 'sara.gowda.108@patient.example', '119, Kolkata Main Road, Kolkata'),
(609, 'Ira Shetty', 19, 'Female', 'AB+', '9801655071', 'ira.shetty.109@patient.example', '120, Bengaluru Main Road, Bengaluru'),
(610, 'Meera Menon', 26, 'Male', 'AB-', '9801662990', 'meera.menon.110@patient.example', '121, Mysuru Main Road, Mysuru'),
(611, 'Kavya Verma', 33, 'Female', 'O+', '9801670909', 'kavya.verma.111@patient.example', '122, Mangaluru Main Road, Mangaluru'),
(612, 'Saanvi Joshi', 40, 'Male', 'O-', '9801678828', 'saanvi.joshi.112@patient.example', '123, Hyderabad Main Road, Hyderabad'),
(613, 'Riya Bose', 47, 'Female', 'A+', '9801686747', 'riya.bose.113@patient.example', '124, Chennai Main Road, Chennai'),
(614, 'Aarav Sharma', 54, 'Male', 'A-', '9801694666', 'aarav.sharma.114@patient.example', '125, Pune Main Road, Pune'),
(615, 'Vivaan Patel', 61, 'Female', 'B+', '9801702585', 'vivaan.patel.115@patient.example', '126, Mumbai Main Road, Mumbai'),
(616, 'Aditya Reddy', 68, 'Male', 'B-', '9801710504', 'aditya.reddy.116@patient.example', '127, Delhi Main Road, Delhi'),
(617, 'Vihaan Nair', 75, 'Female', 'AB+', '9801718423', 'vihaan.nair.117@patient.example', '128, Kochi Main Road, Kochi'),
(618, 'Arjun Iyer', 82, 'Male', 'AB-', '9801726342', 'arjun.iyer.118@patient.example', '129, Jaipur Main Road, Jaipur'),
(619, 'Sai Khan', 7, 'Female', 'O+', '9801734261', 'sai.khan.119@patient.example', '130, Ahmedabad Main Road, Ahmedabad'),
(620, 'Reyansh Rao', 14, 'Male', 'O-', '9801742180', 'reyansh.rao.120@patient.example', '131, Kolkata Main Road, Kolkata');

INSERT INTO staff (staffId, StaffName, Role, departmentId, phone) VALUES
(801, 'Ira Sharma', 'Nurse', 1, '9802383619'),
(802, 'Meera Patel', 'Lab Technician', 2, '9802391538'),
(803, 'Kavya Reddy', 'Receptionist', 3, '9802399457'),
(804, 'Saanvi Nair', 'Ward Assistant', 4, '9802407376'),
(805, 'Riya Iyer', 'Billing Executive', 5, '9802415295'),
(806, 'Aarav Khan', 'Nurse', 6, '9802423214'),
(807, 'Vivaan Rao', 'Lab Technician', 7, '9802431133'),
(808, 'Aditya Das', 'Receptionist', 8, '9802439052'),
(809, 'Vihaan Kulkarni', 'Ward Assistant', 9, '9802446971'),
(810, 'Arjun Gowda', 'Billing Executive', 10, '9802454890'),
(811, 'Sai Shetty', 'Nurse', 1, '9802462809'),
(812, 'Reyansh Menon', 'Lab Technician', 2, '9802470728'),
(813, 'Ayaan Verma', 'Receptionist', 3, '9802478647'),
(814, 'Krishna Joshi', 'Ward Assistant', 4, '9802486566'),
(815, 'Ishaan Bose', 'Billing Executive', 5, '9802494485'),
(816, 'Ananya Sharma', 'Nurse', 6, '9802502404'),
(817, 'Diya Patel', 'Lab Technician', 7, '9802510323'),
(818, 'Aadhya Reddy', 'Receptionist', 8, '9802518242'),
(819, 'Myra Nair', 'Ward Assistant', 9, '9802526161'),
(820, 'Sara Iyer', 'Billing Executive', 10, '9802534080'),
(821, 'Ira Khan', 'Nurse', 1, '9802541999'),
(822, 'Meera Rao', 'Lab Technician', 2, '9802549918'),
(823, 'Kavya Das', 'Receptionist', 3, '9802557837'),
(824, 'Saanvi Kulkarni', 'Ward Assistant', 4, '9802565756'),
(825, 'Riya Gowda', 'Billing Executive', 5, '9802573675'),
(826, 'Aarav Shetty', 'Nurse', 6, '9802581594'),
(827, 'Vivaan Menon', 'Lab Technician', 7, '9802589513'),
(828, 'Aditya Verma', 'Receptionist', 8, '9802597432'),
(829, 'Vihaan Joshi', 'Ward Assistant', 9, '9802605351'),
(830, 'Arjun Bose', 'Billing Executive', 10, '9802613270'),
(831, 'Sai Sharma', 'Nurse', 1, '9802621189'),
(832, 'Reyansh Patel', 'Lab Technician', 2, '9802629108'),
(833, 'Ayaan Reddy', 'Receptionist', 3, '9802637027'),
(834, 'Krishna Nair', 'Ward Assistant', 4, '9802644946'),
(835, 'Ishaan Iyer', 'Billing Executive', 5, '9802652865'),
(836, 'Ananya Khan', 'Nurse', 6, '9802660784'),
(837, 'Diya Rao', 'Lab Technician', 7, '9802668703'),
(838, 'Aadhya Das', 'Receptionist', 8, '9802676622'),
(839, 'Myra Kulkarni', 'Ward Assistant', 9, '9802684541'),
(840, 'Sara Gowda', 'Billing Executive', 10, '9802692460'),
(841, 'Ira Shetty', 'Nurse', 1, '9802700379'),
(842, 'Meera Menon', 'Lab Technician', 2, '9802708298'),
(843, 'Kavya Verma', 'Receptionist', 3, '9802716217'),
(844, 'Saanvi Joshi', 'Ward Assistant', 4, '9802724136'),
(845, 'Riya Bose', 'Billing Executive', 5, '9802732055'),
(846, 'Aarav Sharma', 'Nurse', 6, '9802739974'),
(847, 'Vivaan Patel', 'Lab Technician', 7, '9802747893'),
(848, 'Aditya Reddy', 'Receptionist', 8, '9802755812'),
(849, 'Vihaan Nair', 'Ward Assistant', 9, '9802763731'),
(850, 'Arjun Iyer', 'Billing Executive', 10, '9802771650');

INSERT INTO pharmacy (medicineId, MedicineName, Price, stock) VALUES
(901, 'Amlodipine 500mg', 18, 80),
(902, 'Metformin 250mg', 32, 97),
(903, 'Paracetamol 100mg', 46, 114),
(904, 'Azithromycin 500mg', 60, 131),
(905, 'Cetirizine 250mg', 74, 148),
(906, 'Pantoprazole 100mg', 88, 165),
(907, 'Salbutamol 500mg', 102, 182),
(908, 'Dolo 650 250mg', 116, 199),
(909, 'Vitamin D3 100mg', 130, 216),
(910, 'ORS 500mg', 144, 233);

INSERT INTO appointments (appointmentId, patientId, DoctorId, appointmentDate, reason, status) VALUES
(1001, 501, 101, '2026-01-01 09:00:00', 'Hypertension', 'Scheduled'),
(1002, 502, 102, '2026-02-02 10:15:00', 'Type 2 Diabetes', 'Completed'),
(1003, 503, 103, '2026-03-03 11:30:00', 'Migraine', 'Follow-up'),
(1004, 504, 104, '2026-04-04 12:45:00', 'Asthma', 'Cancelled'),
(1005, 505, 105, '2026-05-05 13:00:00', 'Viral Fever', 'Scheduled'),
(1006, 506, 106, '2026-06-06 14:15:00', 'Fracture', 'Completed'),
(1007, 507, 107, '2026-07-07 15:30:00', 'Sinusitis', 'Follow-up'),
(1008, 508, 108, '2026-08-08 16:45:00', 'Gastritis', 'Cancelled'),
(1009, 509, 109, '2026-09-09 09:00:00', 'Anemia', 'Scheduled'),
(1010, 510, 110, '2026-10-10 10:15:00', 'Dengue Fever', 'Completed'),
(1011, 511, 111, '2026-11-11 11:30:00', 'Hypertension', 'Follow-up'),
(1012, 512, 112, '2026-12-12 12:45:00', 'Type 2 Diabetes', 'Cancelled'),
(1013, 513, 113, '2026-01-13 13:00:00', 'Migraine', 'Scheduled'),
(1014, 514, 114, '2026-02-14 14:15:00', 'Asthma', 'Completed'),
(1015, 515, 115, '2026-03-15 15:30:00', 'Viral Fever', 'Follow-up'),
(1016, 516, 116, '2026-04-16 16:45:00', 'Fracture', 'Cancelled'),
(1017, 517, 117, '2026-05-17 09:00:00', 'Sinusitis', 'Scheduled'),
(1018, 518, 118, '2026-06-18 10:15:00', 'Gastritis', 'Completed'),
(1019, 519, 119, '2026-07-19 11:30:00', 'Anemia', 'Follow-up'),
(1020, 520, 120, '2026-08-20 12:45:00', 'Dengue Fever', 'Cancelled'),
(1021, 521, 121, '2026-09-21 13:00:00', 'Hypertension', 'Scheduled'),
(1022, 522, 122, '2026-10-22 14:15:00', 'Type 2 Diabetes', 'Completed'),
(1023, 523, 123, '2026-11-23 15:30:00', 'Migraine', 'Follow-up'),
(1024, 524, 124, '2026-12-24 16:45:00', 'Asthma', 'Cancelled'),
(1025, 525, 125, '2026-01-25 09:00:00', 'Viral Fever', 'Scheduled'),
(1026, 526, 126, '2026-02-26 10:15:00', 'Fracture', 'Completed'),
(1027, 527, 127, '2026-03-27 11:30:00', 'Sinusitis', 'Follow-up'),
(1028, 528, 128, '2026-04-01 12:45:00', 'Gastritis', 'Cancelled'),
(1029, 529, 129, '2026-05-02 13:00:00', 'Anemia', 'Scheduled'),
(1030, 530, 130, '2026-06-03 14:15:00', 'Dengue Fever', 'Completed'),
(1031, 531, 131, '2026-07-04 15:30:00', 'Hypertension', 'Follow-up'),
(1032, 532, 132, '2026-08-05 16:45:00', 'Type 2 Diabetes', 'Cancelled'),
(1033, 533, 133, '2026-09-06 09:00:00', 'Migraine', 'Scheduled'),
(1034, 534, 134, '2026-10-07 10:15:00', 'Asthma', 'Completed'),
(1035, 535, 135, '2026-11-08 11:30:00', 'Viral Fever', 'Follow-up'),
(1036, 536, 136, '2026-12-09 12:45:00', 'Fracture', 'Cancelled'),
(1037, 537, 137, '2026-01-10 13:00:00', 'Sinusitis', 'Scheduled'),
(1038, 538, 138, '2026-02-11 14:15:00', 'Gastritis', 'Completed'),
(1039, 539, 139, '2026-03-12 15:30:00', 'Anemia', 'Follow-up'),
(1040, 540, 140, '2026-04-13 16:45:00', 'Dengue Fever', 'Cancelled'),
(1041, 541, 101, '2026-05-14 09:00:00', 'Hypertension', 'Scheduled'),
(1042, 542, 102, '2026-06-15 10:15:00', 'Type 2 Diabetes', 'Completed'),
(1043, 543, 103, '2026-07-16 11:30:00', 'Migraine', 'Follow-up'),
(1044, 544, 104, '2026-08-17 12:45:00', 'Asthma', 'Cancelled'),
(1045, 545, 105, '2026-09-18 13:00:00', 'Viral Fever', 'Scheduled'),
(1046, 546, 106, '2026-10-19 14:15:00', 'Fracture', 'Completed'),
(1047, 547, 107, '2026-11-20 15:30:00', 'Sinusitis', 'Follow-up'),
(1048, 548, 108, '2026-12-21 16:45:00', 'Gastritis', 'Cancelled'),
(1049, 549, 109, '2026-01-22 09:00:00', 'Anemia', 'Scheduled'),
(1050, 550, 110, '2026-02-23 10:15:00', 'Dengue Fever', 'Completed'),
(1051, 551, 111, '2026-03-24 11:30:00', 'Hypertension', 'Follow-up'),
(1052, 552, 112, '2026-04-25 12:45:00', 'Type 2 Diabetes', 'Cancelled'),
(1053, 553, 113, '2026-05-26 13:00:00', 'Migraine', 'Scheduled'),
(1054, 554, 114, '2026-06-27 14:15:00', 'Asthma', 'Completed'),
(1055, 555, 115, '2026-07-01 15:30:00', 'Viral Fever', 'Follow-up'),
(1056, 556, 116, '2026-08-02 16:45:00', 'Fracture', 'Cancelled'),
(1057, 557, 117, '2026-09-03 09:00:00', 'Sinusitis', 'Scheduled'),
(1058, 558, 118, '2026-10-04 10:15:00', 'Gastritis', 'Completed'),
(1059, 559, 119, '2026-11-05 11:30:00', 'Anemia', 'Follow-up'),
(1060, 560, 120, '2026-12-06 12:45:00', 'Dengue Fever', 'Cancelled'),
(1061, 561, 121, '2026-01-07 13:00:00', 'Hypertension', 'Scheduled'),
(1062, 562, 122, '2026-02-08 14:15:00', 'Type 2 Diabetes', 'Completed'),
(1063, 563, 123, '2026-03-09 15:30:00', 'Migraine', 'Follow-up'),
(1064, 564, 124, '2026-04-10 16:45:00', 'Asthma', 'Cancelled'),
(1065, 565, 125, '2026-05-11 09:00:00', 'Viral Fever', 'Scheduled'),
(1066, 566, 126, '2026-06-12 10:15:00', 'Fracture', 'Completed'),
(1067, 567, 127, '2026-07-13 11:30:00', 'Sinusitis', 'Follow-up'),
(1068, 568, 128, '2026-08-14 12:45:00', 'Gastritis', 'Cancelled'),
(1069, 569, 129, '2026-09-15 13:00:00', 'Anemia', 'Scheduled'),
(1070, 570, 130, '2026-10-16 14:15:00', 'Dengue Fever', 'Completed'),
(1071, 571, 131, '2026-11-17 15:30:00', 'Hypertension', 'Follow-up'),
(1072, 572, 132, '2026-12-18 16:45:00', 'Type 2 Diabetes', 'Cancelled'),
(1073, 573, 133, '2026-01-19 09:00:00', 'Migraine', 'Scheduled'),
(1074, 574, 134, '2026-02-20 10:15:00', 'Asthma', 'Completed'),
(1075, 575, 135, '2026-03-21 11:30:00', 'Viral Fever', 'Follow-up'),
(1076, 576, 136, '2026-04-22 12:45:00', 'Fracture', 'Cancelled'),
(1077, 577, 137, '2026-05-23 13:00:00', 'Sinusitis', 'Scheduled'),
(1078, 578, 138, '2026-06-24 14:15:00', 'Gastritis', 'Completed'),
(1079, 579, 139, '2026-07-25 15:30:00', 'Anemia', 'Follow-up'),
(1080, 580, 140, '2026-08-26 16:45:00', 'Dengue Fever', 'Cancelled'),
(1081, 581, 101, '2026-09-27 09:00:00', 'Hypertension', 'Scheduled'),
(1082, 582, 102, '2026-10-01 10:15:00', 'Type 2 Diabetes', 'Completed'),
(1083, 583, 103, '2026-11-02 11:30:00', 'Migraine', 'Follow-up'),
(1084, 584, 104, '2026-12-03 12:45:00', 'Asthma', 'Cancelled'),
(1085, 585, 105, '2026-01-04 13:00:00', 'Viral Fever', 'Scheduled'),
(1086, 586, 106, '2026-02-05 14:15:00', 'Fracture', 'Completed'),
(1087, 587, 107, '2026-03-06 15:30:00', 'Sinusitis', 'Follow-up'),
(1088, 588, 108, '2026-04-07 16:45:00', 'Gastritis', 'Cancelled'),
(1089, 589, 109, '2026-05-08 09:00:00', 'Anemia', 'Scheduled'),
(1090, 590, 110, '2026-06-09 10:15:00', 'Dengue Fever', 'Completed'),
(1091, 591, 111, '2026-07-10 11:30:00', 'Hypertension', 'Follow-up'),
(1092, 592, 112, '2026-08-11 12:45:00', 'Type 2 Diabetes', 'Cancelled'),
(1093, 593, 113, '2026-09-12 13:00:00', 'Migraine', 'Scheduled'),
(1094, 594, 114, '2026-10-13 14:15:00', 'Asthma', 'Completed'),
(1095, 595, 115, '2026-11-14 15:30:00', 'Viral Fever', 'Follow-up'),
(1096, 596, 116, '2026-12-15 16:45:00', 'Fracture', 'Cancelled'),
(1097, 597, 117, '2026-01-16 09:00:00', 'Sinusitis', 'Scheduled'),
(1098, 598, 118, '2026-02-17 10:15:00', 'Gastritis', 'Completed'),
(1099, 599, 119, '2026-03-18 11:30:00', 'Anemia', 'Follow-up'),
(1100, 600, 120, '2026-04-19 12:45:00', 'Dengue Fever', 'Cancelled'),
(1101, 601, 121, '2026-05-20 13:00:00', 'Hypertension', 'Scheduled'),
(1102, 602, 122, '2026-06-21 14:15:00', 'Type 2 Diabetes', 'Completed'),
(1103, 603, 123, '2026-07-22 15:30:00', 'Migraine', 'Follow-up'),
(1104, 604, 124, '2026-08-23 16:45:00', 'Asthma', 'Cancelled'),
(1105, 605, 125, '2026-09-24 09:00:00', 'Viral Fever', 'Scheduled'),
(1106, 606, 126, '2026-10-25 10:15:00', 'Fracture', 'Completed'),
(1107, 607, 127, '2026-11-26 11:30:00', 'Sinusitis', 'Follow-up'),
(1108, 608, 128, '2026-12-27 12:45:00', 'Gastritis', 'Cancelled'),
(1109, 609, 129, '2026-01-01 13:00:00', 'Anemia', 'Scheduled'),
(1110, 610, 130, '2026-02-02 14:15:00', 'Dengue Fever', 'Completed'),
(1111, 611, 131, '2026-03-03 15:30:00', 'Hypertension', 'Follow-up'),
(1112, 612, 132, '2026-04-04 16:45:00', 'Type 2 Diabetes', 'Cancelled'),
(1113, 613, 133, '2026-05-05 09:00:00', 'Migraine', 'Scheduled'),
(1114, 614, 134, '2026-06-06 10:15:00', 'Asthma', 'Completed'),
(1115, 615, 135, '2026-07-07 11:30:00', 'Viral Fever', 'Follow-up'),
(1116, 616, 136, '2026-08-08 12:45:00', 'Fracture', 'Cancelled'),
(1117, 617, 137, '2026-09-09 13:00:00', 'Sinusitis', 'Scheduled'),
(1118, 618, 138, '2026-10-10 14:15:00', 'Gastritis', 'Completed'),
(1119, 619, 139, '2026-11-11 15:30:00', 'Anemia', 'Follow-up'),
(1120, 620, 140, '2026-12-12 16:45:00', 'Dengue Fever', 'Cancelled'),
(1121, 501, 101, '2026-01-13 09:00:00', 'Hypertension', 'Scheduled'),
(1122, 502, 102, '2026-02-14 10:15:00', 'Type 2 Diabetes', 'Completed'),
(1123, 503, 103, '2026-03-15 11:30:00', 'Migraine', 'Follow-up'),
(1124, 504, 104, '2026-04-16 12:45:00', 'Asthma', 'Cancelled'),
(1125, 505, 105, '2026-05-17 13:00:00', 'Viral Fever', 'Scheduled'),
(1126, 506, 106, '2026-06-18 14:15:00', 'Fracture', 'Completed'),
(1127, 507, 107, '2026-07-19 15:30:00', 'Sinusitis', 'Follow-up'),
(1128, 508, 108, '2026-08-20 16:45:00', 'Gastritis', 'Cancelled'),
(1129, 509, 109, '2026-09-21 09:00:00', 'Anemia', 'Scheduled'),
(1130, 510, 110, '2026-10-22 10:15:00', 'Dengue Fever', 'Completed'),
(1131, 511, 111, '2026-11-23 11:30:00', 'Hypertension', 'Follow-up'),
(1132, 512, 112, '2026-12-24 12:45:00', 'Type 2 Diabetes', 'Cancelled'),
(1133, 513, 113, '2026-01-25 13:00:00', 'Migraine', 'Scheduled'),
(1134, 514, 114, '2026-02-26 14:15:00', 'Asthma', 'Completed'),
(1135, 515, 115, '2026-03-27 15:30:00', 'Viral Fever', 'Follow-up'),
(1136, 516, 116, '2026-04-01 16:45:00', 'Fracture', 'Cancelled'),
(1137, 517, 117, '2026-05-02 09:00:00', 'Sinusitis', 'Scheduled'),
(1138, 518, 118, '2026-06-03 10:15:00', 'Gastritis', 'Completed'),
(1139, 519, 119, '2026-07-04 11:30:00', 'Anemia', 'Follow-up'),
(1140, 520, 120, '2026-08-05 12:45:00', 'Dengue Fever', 'Cancelled'),
(1141, 521, 121, '2026-09-06 13:00:00', 'Hypertension', 'Scheduled'),
(1142, 522, 122, '2026-10-07 14:15:00', 'Type 2 Diabetes', 'Completed'),
(1143, 523, 123, '2026-11-08 15:30:00', 'Migraine', 'Follow-up'),
(1144, 524, 124, '2026-12-09 16:45:00', 'Asthma', 'Cancelled'),
(1145, 525, 125, '2026-01-10 09:00:00', 'Viral Fever', 'Scheduled'),
(1146, 526, 126, '2026-02-11 10:15:00', 'Fracture', 'Completed'),
(1147, 527, 127, '2026-03-12 11:30:00', 'Sinusitis', 'Follow-up'),
(1148, 528, 128, '2026-04-13 12:45:00', 'Gastritis', 'Cancelled'),
(1149, 529, 129, '2026-05-14 13:00:00', 'Anemia', 'Scheduled'),
(1150, 530, 130, '2026-06-15 14:15:00', 'Dengue Fever', 'Completed'),
(1151, 531, 131, '2026-07-16 15:30:00', 'Hypertension', 'Follow-up'),
(1152, 532, 132, '2026-08-17 16:45:00', 'Type 2 Diabetes', 'Cancelled'),
(1153, 533, 133, '2026-09-18 09:00:00', 'Migraine', 'Scheduled'),
(1154, 534, 134, '2026-10-19 10:15:00', 'Asthma', 'Completed'),
(1155, 535, 135, '2026-11-20 11:30:00', 'Viral Fever', 'Follow-up'),
(1156, 536, 136, '2026-12-21 12:45:00', 'Fracture', 'Cancelled'),
(1157, 537, 137, '2026-01-22 13:00:00', 'Sinusitis', 'Scheduled'),
(1158, 538, 138, '2026-02-23 14:15:00', 'Gastritis', 'Completed'),
(1159, 539, 139, '2026-03-24 15:30:00', 'Anemia', 'Follow-up'),
(1160, 540, 140, '2026-04-25 16:45:00', 'Dengue Fever', 'Cancelled'),
(1161, 541, 101, '2026-05-26 09:00:00', 'Hypertension', 'Scheduled'),
(1162, 542, 102, '2026-06-27 10:15:00', 'Type 2 Diabetes', 'Completed'),
(1163, 543, 103, '2026-07-01 11:30:00', 'Migraine', 'Follow-up'),
(1164, 544, 104, '2026-08-02 12:45:00', 'Asthma', 'Cancelled'),
(1165, 545, 105, '2026-09-03 13:00:00', 'Viral Fever', 'Scheduled'),
(1166, 546, 106, '2026-10-04 14:15:00', 'Fracture', 'Completed'),
(1167, 547, 107, '2026-11-05 15:30:00', 'Sinusitis', 'Follow-up'),
(1168, 548, 108, '2026-12-06 16:45:00', 'Gastritis', 'Cancelled'),
(1169, 549, 109, '2026-01-07 09:00:00', 'Anemia', 'Scheduled'),
(1170, 550, 110, '2026-02-08 10:15:00', 'Dengue Fever', 'Completed'),
(1171, 551, 111, '2026-03-09 11:30:00', 'Hypertension', 'Follow-up'),
(1172, 552, 112, '2026-04-10 12:45:00', 'Type 2 Diabetes', 'Cancelled'),
(1173, 553, 113, '2026-05-11 13:00:00', 'Migraine', 'Scheduled'),
(1174, 554, 114, '2026-06-12 14:15:00', 'Asthma', 'Completed'),
(1175, 555, 115, '2026-07-13 15:30:00', 'Viral Fever', 'Follow-up'),
(1176, 556, 116, '2026-08-14 16:45:00', 'Fracture', 'Cancelled'),
(1177, 557, 117, '2026-09-15 09:00:00', 'Sinusitis', 'Scheduled'),
(1178, 558, 118, '2026-10-16 10:15:00', 'Gastritis', 'Completed'),
(1179, 559, 119, '2026-11-17 11:30:00', 'Anemia', 'Follow-up'),
(1180, 560, 120, '2026-12-18 12:45:00', 'Dengue Fever', 'Cancelled'),
(1181, 561, 121, '2026-01-19 13:00:00', 'Hypertension', 'Scheduled'),
(1182, 562, 122, '2026-02-20 14:15:00', 'Type 2 Diabetes', 'Completed'),
(1183, 563, 123, '2026-03-21 15:30:00', 'Migraine', 'Follow-up'),
(1184, 564, 124, '2026-04-22 16:45:00', 'Asthma', 'Cancelled'),
(1185, 565, 125, '2026-05-23 09:00:00', 'Viral Fever', 'Scheduled'),
(1186, 566, 126, '2026-06-24 10:15:00', 'Fracture', 'Completed'),
(1187, 567, 127, '2026-07-25 11:30:00', 'Sinusitis', 'Follow-up'),
(1188, 568, 128, '2026-08-26 12:45:00', 'Gastritis', 'Cancelled'),
(1189, 569, 129, '2026-09-27 13:00:00', 'Anemia', 'Scheduled'),
(1190, 570, 130, '2026-10-01 14:15:00', 'Dengue Fever', 'Completed'),
(1191, 571, 131, '2026-11-02 15:30:00', 'Hypertension', 'Follow-up'),
(1192, 572, 132, '2026-12-03 16:45:00', 'Type 2 Diabetes', 'Cancelled'),
(1193, 573, 133, '2026-01-04 09:00:00', 'Migraine', 'Scheduled'),
(1194, 574, 134, '2026-02-05 10:15:00', 'Asthma', 'Completed'),
(1195, 575, 135, '2026-03-06 11:30:00', 'Viral Fever', 'Follow-up'),
(1196, 576, 136, '2026-04-07 12:45:00', 'Fracture', 'Cancelled'),
(1197, 577, 137, '2026-05-08 13:00:00', 'Sinusitis', 'Scheduled'),
(1198, 578, 138, '2026-06-09 14:15:00', 'Gastritis', 'Completed'),
(1199, 579, 139, '2026-07-10 15:30:00', 'Anemia', 'Follow-up'),
(1200, 580, 140, '2026-08-11 16:45:00', 'Dengue Fever', 'Cancelled');

INSERT INTO medical_records (recordId, patientId, DoctorId, diagnosis, notes) VALUES
(2001, 501, 101, 'Hypertension', 'Observed hypertension symptoms; advised routine follow-up.'),
(2002, 502, 102, 'Type 2 Diabetes', 'Observed type 2 diabetes symptoms; advised routine follow-up.'),
(2003, 503, 103, 'Migraine', 'Observed migraine symptoms; advised routine follow-up.'),
(2004, 504, 104, 'Asthma', 'Observed asthma symptoms; advised routine follow-up.'),
(2005, 505, 105, 'Viral Fever', 'Observed viral fever symptoms; advised routine follow-up.'),
(2006, 506, 106, 'Fracture', 'Observed fracture symptoms; advised routine follow-up.'),
(2007, 507, 107, 'Sinusitis', 'Observed sinusitis symptoms; advised routine follow-up.'),
(2008, 508, 108, 'Gastritis', 'Observed gastritis symptoms; advised routine follow-up.'),
(2009, 509, 109, 'Anemia', 'Observed anemia symptoms; advised routine follow-up.'),
(2010, 510, 110, 'Dengue Fever', 'Observed dengue fever symptoms; advised routine follow-up.'),
(2011, 511, 111, 'Hypertension', 'Observed hypertension symptoms; advised routine follow-up.'),
(2012, 512, 112, 'Type 2 Diabetes', 'Observed type 2 diabetes symptoms; advised routine follow-up.'),
(2013, 513, 113, 'Migraine', 'Observed migraine symptoms; advised routine follow-up.'),
(2014, 514, 114, 'Asthma', 'Observed asthma symptoms; advised routine follow-up.'),
(2015, 515, 115, 'Viral Fever', 'Observed viral fever symptoms; advised routine follow-up.'),
(2016, 516, 116, 'Fracture', 'Observed fracture symptoms; advised routine follow-up.'),
(2017, 517, 117, 'Sinusitis', 'Observed sinusitis symptoms; advised routine follow-up.'),
(2018, 518, 118, 'Gastritis', 'Observed gastritis symptoms; advised routine follow-up.'),
(2019, 519, 119, 'Anemia', 'Observed anemia symptoms; advised routine follow-up.'),
(2020, 520, 120, 'Dengue Fever', 'Observed dengue fever symptoms; advised routine follow-up.'),
(2021, 521, 121, 'Hypertension', 'Observed hypertension symptoms; advised routine follow-up.'),
(2022, 522, 122, 'Type 2 Diabetes', 'Observed type 2 diabetes symptoms; advised routine follow-up.'),
(2023, 523, 123, 'Migraine', 'Observed migraine symptoms; advised routine follow-up.'),
(2024, 524, 124, 'Asthma', 'Observed asthma symptoms; advised routine follow-up.'),
(2025, 525, 125, 'Viral Fever', 'Observed viral fever symptoms; advised routine follow-up.'),
(2026, 526, 126, 'Fracture', 'Observed fracture symptoms; advised routine follow-up.'),
(2027, 527, 127, 'Sinusitis', 'Observed sinusitis symptoms; advised routine follow-up.'),
(2028, 528, 128, 'Gastritis', 'Observed gastritis symptoms; advised routine follow-up.'),
(2029, 529, 129, 'Anemia', 'Observed anemia symptoms; advised routine follow-up.'),
(2030, 530, 130, 'Dengue Fever', 'Observed dengue fever symptoms; advised routine follow-up.'),
(2031, 531, 131, 'Hypertension', 'Observed hypertension symptoms; advised routine follow-up.'),
(2032, 532, 132, 'Type 2 Diabetes', 'Observed type 2 diabetes symptoms; advised routine follow-up.'),
(2033, 533, 133, 'Migraine', 'Observed migraine symptoms; advised routine follow-up.'),
(2034, 534, 134, 'Asthma', 'Observed asthma symptoms; advised routine follow-up.'),
(2035, 535, 135, 'Viral Fever', 'Observed viral fever symptoms; advised routine follow-up.'),
(2036, 536, 136, 'Fracture', 'Observed fracture symptoms; advised routine follow-up.'),
(2037, 537, 137, 'Sinusitis', 'Observed sinusitis symptoms; advised routine follow-up.'),
(2038, 538, 138, 'Gastritis', 'Observed gastritis symptoms; advised routine follow-up.'),
(2039, 539, 139, 'Anemia', 'Observed anemia symptoms; advised routine follow-up.'),
(2040, 540, 140, 'Dengue Fever', 'Observed dengue fever symptoms; advised routine follow-up.'),
(2041, 541, 101, 'Hypertension', 'Observed hypertension symptoms; advised routine follow-up.'),
(2042, 542, 102, 'Type 2 Diabetes', 'Observed type 2 diabetes symptoms; advised routine follow-up.'),
(2043, 543, 103, 'Migraine', 'Observed migraine symptoms; advised routine follow-up.'),
(2044, 544, 104, 'Asthma', 'Observed asthma symptoms; advised routine follow-up.'),
(2045, 545, 105, 'Viral Fever', 'Observed viral fever symptoms; advised routine follow-up.'),
(2046, 546, 106, 'Fracture', 'Observed fracture symptoms; advised routine follow-up.'),
(2047, 547, 107, 'Sinusitis', 'Observed sinusitis symptoms; advised routine follow-up.'),
(2048, 548, 108, 'Gastritis', 'Observed gastritis symptoms; advised routine follow-up.'),
(2049, 549, 109, 'Anemia', 'Observed anemia symptoms; advised routine follow-up.'),
(2050, 550, 110, 'Dengue Fever', 'Observed dengue fever symptoms; advised routine follow-up.'),
(2051, 551, 111, 'Hypertension', 'Observed hypertension symptoms; advised routine follow-up.'),
(2052, 552, 112, 'Type 2 Diabetes', 'Observed type 2 diabetes symptoms; advised routine follow-up.'),
(2053, 553, 113, 'Migraine', 'Observed migraine symptoms; advised routine follow-up.'),
(2054, 554, 114, 'Asthma', 'Observed asthma symptoms; advised routine follow-up.'),
(2055, 555, 115, 'Viral Fever', 'Observed viral fever symptoms; advised routine follow-up.'),
(2056, 556, 116, 'Fracture', 'Observed fracture symptoms; advised routine follow-up.'),
(2057, 557, 117, 'Sinusitis', 'Observed sinusitis symptoms; advised routine follow-up.'),
(2058, 558, 118, 'Gastritis', 'Observed gastritis symptoms; advised routine follow-up.'),
(2059, 559, 119, 'Anemia', 'Observed anemia symptoms; advised routine follow-up.'),
(2060, 560, 120, 'Dengue Fever', 'Observed dengue fever symptoms; advised routine follow-up.'),
(2061, 561, 121, 'Hypertension', 'Observed hypertension symptoms; advised routine follow-up.'),
(2062, 562, 122, 'Type 2 Diabetes', 'Observed type 2 diabetes symptoms; advised routine follow-up.'),
(2063, 563, 123, 'Migraine', 'Observed migraine symptoms; advised routine follow-up.'),
(2064, 564, 124, 'Asthma', 'Observed asthma symptoms; advised routine follow-up.'),
(2065, 565, 125, 'Viral Fever', 'Observed viral fever symptoms; advised routine follow-up.'),
(2066, 566, 126, 'Fracture', 'Observed fracture symptoms; advised routine follow-up.'),
(2067, 567, 127, 'Sinusitis', 'Observed sinusitis symptoms; advised routine follow-up.'),
(2068, 568, 128, 'Gastritis', 'Observed gastritis symptoms; advised routine follow-up.'),
(2069, 569, 129, 'Anemia', 'Observed anemia symptoms; advised routine follow-up.'),
(2070, 570, 130, 'Dengue Fever', 'Observed dengue fever symptoms; advised routine follow-up.'),
(2071, 571, 131, 'Hypertension', 'Observed hypertension symptoms; advised routine follow-up.'),
(2072, 572, 132, 'Type 2 Diabetes', 'Observed type 2 diabetes symptoms; advised routine follow-up.'),
(2073, 573, 133, 'Migraine', 'Observed migraine symptoms; advised routine follow-up.'),
(2074, 574, 134, 'Asthma', 'Observed asthma symptoms; advised routine follow-up.'),
(2075, 575, 135, 'Viral Fever', 'Observed viral fever symptoms; advised routine follow-up.'),
(2076, 576, 136, 'Fracture', 'Observed fracture symptoms; advised routine follow-up.'),
(2077, 577, 137, 'Sinusitis', 'Observed sinusitis symptoms; advised routine follow-up.'),
(2078, 578, 138, 'Gastritis', 'Observed gastritis symptoms; advised routine follow-up.'),
(2079, 579, 139, 'Anemia', 'Observed anemia symptoms; advised routine follow-up.'),
(2080, 580, 140, 'Dengue Fever', 'Observed dengue fever symptoms; advised routine follow-up.'),
(2081, 581, 101, 'Hypertension', 'Observed hypertension symptoms; advised routine follow-up.'),
(2082, 582, 102, 'Type 2 Diabetes', 'Observed type 2 diabetes symptoms; advised routine follow-up.'),
(2083, 583, 103, 'Migraine', 'Observed migraine symptoms; advised routine follow-up.'),
(2084, 584, 104, 'Asthma', 'Observed asthma symptoms; advised routine follow-up.'),
(2085, 585, 105, 'Viral Fever', 'Observed viral fever symptoms; advised routine follow-up.'),
(2086, 586, 106, 'Fracture', 'Observed fracture symptoms; advised routine follow-up.'),
(2087, 587, 107, 'Sinusitis', 'Observed sinusitis symptoms; advised routine follow-up.'),
(2088, 588, 108, 'Gastritis', 'Observed gastritis symptoms; advised routine follow-up.'),
(2089, 589, 109, 'Anemia', 'Observed anemia symptoms; advised routine follow-up.'),
(2090, 590, 110, 'Dengue Fever', 'Observed dengue fever symptoms; advised routine follow-up.'),
(2091, 591, 111, 'Hypertension', 'Observed hypertension symptoms; advised routine follow-up.'),
(2092, 592, 112, 'Type 2 Diabetes', 'Observed type 2 diabetes symptoms; advised routine follow-up.'),
(2093, 593, 113, 'Migraine', 'Observed migraine symptoms; advised routine follow-up.'),
(2094, 594, 114, 'Asthma', 'Observed asthma symptoms; advised routine follow-up.'),
(2095, 595, 115, 'Viral Fever', 'Observed viral fever symptoms; advised routine follow-up.'),
(2096, 596, 116, 'Fracture', 'Observed fracture symptoms; advised routine follow-up.'),
(2097, 597, 117, 'Sinusitis', 'Observed sinusitis symptoms; advised routine follow-up.'),
(2098, 598, 118, 'Gastritis', 'Observed gastritis symptoms; advised routine follow-up.'),
(2099, 599, 119, 'Anemia', 'Observed anemia symptoms; advised routine follow-up.'),
(2100, 600, 120, 'Dengue Fever', 'Observed dengue fever symptoms; advised routine follow-up.'),
(2101, 601, 121, 'Hypertension', 'Observed hypertension symptoms; advised routine follow-up.'),
(2102, 602, 122, 'Type 2 Diabetes', 'Observed type 2 diabetes symptoms; advised routine follow-up.'),
(2103, 603, 123, 'Migraine', 'Observed migraine symptoms; advised routine follow-up.'),
(2104, 604, 124, 'Asthma', 'Observed asthma symptoms; advised routine follow-up.'),
(2105, 605, 125, 'Viral Fever', 'Observed viral fever symptoms; advised routine follow-up.'),
(2106, 606, 126, 'Fracture', 'Observed fracture symptoms; advised routine follow-up.'),
(2107, 607, 127, 'Sinusitis', 'Observed sinusitis symptoms; advised routine follow-up.'),
(2108, 608, 128, 'Gastritis', 'Observed gastritis symptoms; advised routine follow-up.'),
(2109, 609, 129, 'Anemia', 'Observed anemia symptoms; advised routine follow-up.'),
(2110, 610, 130, 'Dengue Fever', 'Observed dengue fever symptoms; advised routine follow-up.'),
(2111, 611, 131, 'Hypertension', 'Observed hypertension symptoms; advised routine follow-up.'),
(2112, 612, 132, 'Type 2 Diabetes', 'Observed type 2 diabetes symptoms; advised routine follow-up.'),
(2113, 613, 133, 'Migraine', 'Observed migraine symptoms; advised routine follow-up.'),
(2114, 614, 134, 'Asthma', 'Observed asthma symptoms; advised routine follow-up.'),
(2115, 615, 135, 'Viral Fever', 'Observed viral fever symptoms; advised routine follow-up.'),
(2116, 616, 136, 'Fracture', 'Observed fracture symptoms; advised routine follow-up.'),
(2117, 617, 137, 'Sinusitis', 'Observed sinusitis symptoms; advised routine follow-up.'),
(2118, 618, 138, 'Gastritis', 'Observed gastritis symptoms; advised routine follow-up.'),
(2119, 619, 139, 'Anemia', 'Observed anemia symptoms; advised routine follow-up.'),
(2120, 620, 140, 'Dengue Fever', 'Observed dengue fever symptoms; advised routine follow-up.');

INSERT INTO prescriptions (prescriptionId, recordId, medicineId, dosage, days) VALUES
(3001, 2001, 901, '1-0-1', 3),
(3002, 2002, 902, '0-1-1', 4),
(3003, 2003, 903, '1-1-1', 5),
(3004, 2004, 904, '1-0-0', 6),
(3005, 2005, 905, '1-0-1', 7),
(3006, 2006, 906, '0-1-1', 8),
(3007, 2007, 907, '1-1-1', 9),
(3008, 2008, 908, '1-0-0', 10),
(3009, 2009, 909, '1-0-1', 11),
(3010, 2010, 910, '0-1-1', 12),
(3011, 2011, 901, '1-1-1', 13),
(3012, 2012, 902, '1-0-0', 14),
(3013, 2013, 903, '1-0-1', 3),
(3014, 2014, 904, '0-1-1', 4),
(3015, 2015, 905, '1-1-1', 5),
(3016, 2016, 906, '1-0-0', 6),
(3017, 2017, 907, '1-0-1', 7),
(3018, 2018, 908, '0-1-1', 8),
(3019, 2019, 909, '1-1-1', 9),
(3020, 2020, 910, '1-0-0', 10),
(3021, 2021, 901, '1-0-1', 11),
(3022, 2022, 902, '0-1-1', 12),
(3023, 2023, 903, '1-1-1', 13),
(3024, 2024, 904, '1-0-0', 14),
(3025, 2025, 905, '1-0-1', 3),
(3026, 2026, 906, '0-1-1', 4),
(3027, 2027, 907, '1-1-1', 5),
(3028, 2028, 908, '1-0-0', 6),
(3029, 2029, 909, '1-0-1', 7),
(3030, 2030, 910, '0-1-1', 8),
(3031, 2031, 901, '1-1-1', 9),
(3032, 2032, 902, '1-0-0', 10),
(3033, 2033, 903, '1-0-1', 11),
(3034, 2034, 904, '0-1-1', 12),
(3035, 2035, 905, '1-1-1', 13),
(3036, 2036, 906, '1-0-0', 14),
(3037, 2037, 907, '1-0-1', 3),
(3038, 2038, 908, '0-1-1', 4),
(3039, 2039, 909, '1-1-1', 5),
(3040, 2040, 910, '1-0-0', 6),
(3041, 2041, 901, '1-0-1', 7),
(3042, 2042, 902, '0-1-1', 8),
(3043, 2043, 903, '1-1-1', 9),
(3044, 2044, 904, '1-0-0', 10),
(3045, 2045, 905, '1-0-1', 11),
(3046, 2046, 906, '0-1-1', 12),
(3047, 2047, 907, '1-1-1', 13),
(3048, 2048, 908, '1-0-0', 14),
(3049, 2049, 909, '1-0-1', 3),
(3050, 2050, 910, '0-1-1', 4),
(3051, 2051, 901, '1-1-1', 5),
(3052, 2052, 902, '1-0-0', 6),
(3053, 2053, 903, '1-0-1', 7),
(3054, 2054, 904, '0-1-1', 8),
(3055, 2055, 905, '1-1-1', 9),
(3056, 2056, 906, '1-0-0', 10),
(3057, 2057, 907, '1-0-1', 11),
(3058, 2058, 908, '0-1-1', 12),
(3059, 2059, 909, '1-1-1', 13),
(3060, 2060, 910, '1-0-0', 14),
(3061, 2061, 901, '1-0-1', 3),
(3062, 2062, 902, '0-1-1', 4),
(3063, 2063, 903, '1-1-1', 5),
(3064, 2064, 904, '1-0-0', 6),
(3065, 2065, 905, '1-0-1', 7),
(3066, 2066, 906, '0-1-1', 8),
(3067, 2067, 907, '1-1-1', 9),
(3068, 2068, 908, '1-0-0', 10),
(3069, 2069, 909, '1-0-1', 11),
(3070, 2070, 910, '0-1-1', 12),
(3071, 2071, 901, '1-1-1', 13),
(3072, 2072, 902, '1-0-0', 14),
(3073, 2073, 903, '1-0-1', 3),
(3074, 2074, 904, '0-1-1', 4),
(3075, 2075, 905, '1-1-1', 5),
(3076, 2076, 906, '1-0-0', 6),
(3077, 2077, 907, '1-0-1', 7),
(3078, 2078, 908, '0-1-1', 8),
(3079, 2079, 909, '1-1-1', 9),
(3080, 2080, 910, '1-0-0', 10),
(3081, 2081, 901, '1-0-1', 11),
(3082, 2082, 902, '0-1-1', 12),
(3083, 2083, 903, '1-1-1', 13),
(3084, 2084, 904, '1-0-0', 14),
(3085, 2085, 905, '1-0-1', 3),
(3086, 2086, 906, '0-1-1', 4),
(3087, 2087, 907, '1-1-1', 5),
(3088, 2088, 908, '1-0-0', 6),
(3089, 2089, 909, '1-0-1', 7),
(3090, 2090, 910, '0-1-1', 8),
(3091, 2091, 901, '1-1-1', 9),
(3092, 2092, 902, '1-0-0', 10),
(3093, 2093, 903, '1-0-1', 11),
(3094, 2094, 904, '0-1-1', 12),
(3095, 2095, 905, '1-1-1', 13),
(3096, 2096, 906, '1-0-0', 14),
(3097, 2097, 907, '1-0-1', 3),
(3098, 2098, 908, '0-1-1', 4),
(3099, 2099, 909, '1-1-1', 5),
(3100, 2100, 910, '1-0-0', 6),
(3101, 2101, 901, '1-0-1', 7),
(3102, 2102, 902, '0-1-1', 8),
(3103, 2103, 903, '1-1-1', 9),
(3104, 2104, 904, '1-0-0', 10),
(3105, 2105, 905, '1-0-1', 11),
(3106, 2106, 906, '0-1-1', 12),
(3107, 2107, 907, '1-1-1', 13),
(3108, 2108, 908, '1-0-0', 14),
(3109, 2109, 909, '1-0-1', 3),
(3110, 2110, 910, '0-1-1', 4),
(3111, 2111, 901, '1-1-1', 5),
(3112, 2112, 902, '1-0-0', 6),
(3113, 2113, 903, '1-0-1', 7),
(3114, 2114, 904, '0-1-1', 8),
(3115, 2115, 905, '1-1-1', 9),
(3116, 2116, 906, '1-0-0', 10),
(3117, 2117, 907, '1-0-1', 11),
(3118, 2118, 908, '0-1-1', 12),
(3119, 2119, 909, '1-1-1', 13),
(3120, 2120, 910, '1-0-0', 14),
(3121, 2001, 901, '1-0-1', 3),
(3122, 2002, 902, '0-1-1', 4),
(3123, 2003, 903, '1-1-1', 5),
(3124, 2004, 904, '1-0-0', 6),
(3125, 2005, 905, '1-0-1', 7),
(3126, 2006, 906, '0-1-1', 8),
(3127, 2007, 907, '1-1-1', 9),
(3128, 2008, 908, '1-0-0', 10),
(3129, 2009, 909, '1-0-1', 11),
(3130, 2010, 910, '0-1-1', 12),
(3131, 2011, 901, '1-1-1', 13),
(3132, 2012, 902, '1-0-0', 14),
(3133, 2013, 903, '1-0-1', 3),
(3134, 2014, 904, '0-1-1', 4),
(3135, 2015, 905, '1-1-1', 5),
(3136, 2016, 906, '1-0-0', 6),
(3137, 2017, 907, '1-0-1', 7),
(3138, 2018, 908, '0-1-1', 8),
(3139, 2019, 909, '1-1-1', 9),
(3140, 2020, 910, '1-0-0', 10),
(3141, 2021, 901, '1-0-1', 11),
(3142, 2022, 902, '0-1-1', 12),
(3143, 2023, 903, '1-1-1', 13),
(3144, 2024, 904, '1-0-0', 14),
(3145, 2025, 905, '1-0-1', 3),
(3146, 2026, 906, '0-1-1', 4),
(3147, 2027, 907, '1-1-1', 5),
(3148, 2028, 908, '1-0-0', 6),
(3149, 2029, 909, '1-0-1', 7),
(3150, 2030, 910, '0-1-1', 8),
(3151, 2031, 901, '1-1-1', 9),
(3152, 2032, 902, '1-0-0', 10),
(3153, 2033, 903, '1-0-1', 11),
(3154, 2034, 904, '0-1-1', 12),
(3155, 2035, 905, '1-1-1', 13),
(3156, 2036, 906, '1-0-0', 14),
(3157, 2037, 907, '1-0-1', 3),
(3158, 2038, 908, '0-1-1', 4),
(3159, 2039, 909, '1-1-1', 5),
(3160, 2040, 910, '1-0-0', 6);

INSERT INTO billing (billId, appointmentId, amount, paymentStatus) VALUES
(4001, 1001, 650, 'Pending'),
(4002, 1003, 975, 'Paid'),
(4003, 1005, 1300, 'Paid'),
(4004, 1007, 1625, 'Paid'),
(4005, 1009, 1950, 'Paid'),
(4006, 1011, 2275, 'Pending'),
(4007, 1013, 2600, 'Paid'),
(4008, 1015, 2925, 'Paid'),
(4009, 1017, 3250, 'Paid'),
(4010, 1019, 3575, 'Paid'),
(4011, 1021, 3900, 'Pending'),
(4012, 1023, 4225, 'Paid'),
(4013, 1025, 4550, 'Paid'),
(4014, 1027, 4875, 'Paid'),
(4015, 1029, 5200, 'Paid'),
(4016, 1031, 5525, 'Pending'),
(4017, 1033, 5850, 'Paid'),
(4018, 1035, 6175, 'Paid'),
(4019, 1037, 6500, 'Paid'),
(4020, 1039, 6825, 'Paid'),
(4021, 1041, 650, 'Pending'),
(4022, 1043, 975, 'Paid'),
(4023, 1045, 1300, 'Paid'),
(4024, 1047, 1625, 'Paid'),
(4025, 1049, 1950, 'Paid'),
(4026, 1051, 2275, 'Pending'),
(4027, 1053, 2600, 'Paid'),
(4028, 1055, 2925, 'Paid'),
(4029, 1057, 3250, 'Paid'),
(4030, 1059, 3575, 'Paid'),
(4031, 1061, 3900, 'Pending'),
(4032, 1063, 4225, 'Paid'),
(4033, 1065, 4550, 'Paid'),
(4034, 1067, 4875, 'Paid'),
(4035, 1069, 5200, 'Paid'),
(4036, 1071, 5525, 'Pending'),
(4037, 1073, 5850, 'Paid'),
(4038, 1075, 6175, 'Paid'),
(4039, 1077, 6500, 'Paid'),
(4040, 1079, 6825, 'Paid'),
(4041, 1081, 650, 'Pending'),
(4042, 1083, 975, 'Paid'),
(4043, 1085, 1300, 'Paid'),
(4044, 1087, 1625, 'Paid'),
(4045, 1089, 1950, 'Paid'),
(4046, 1091, 2275, 'Pending'),
(4047, 1093, 2600, 'Paid'),
(4048, 1095, 2925, 'Paid'),
(4049, 1097, 3250, 'Paid'),
(4050, 1099, 3575, 'Paid'),
(4051, 1101, 3900, 'Pending'),
(4052, 1103, 4225, 'Paid'),
(4053, 1105, 4550, 'Paid'),
(4054, 1107, 4875, 'Paid'),
(4055, 1109, 5200, 'Paid'),
(4056, 1111, 5525, 'Pending'),
(4057, 1113, 5850, 'Paid'),
(4058, 1115, 6175, 'Paid'),
(4059, 1117, 6500, 'Paid'),
(4060, 1119, 6825, 'Paid'),
(4061, 1121, 650, 'Pending'),
(4062, 1123, 975, 'Paid'),
(4063, 1125, 1300, 'Paid'),
(4064, 1127, 1625, 'Paid'),
(4065, 1129, 1950, 'Paid'),
(4066, 1131, 2275, 'Pending'),
(4067, 1133, 2600, 'Paid'),
(4068, 1135, 2925, 'Paid'),
(4069, 1137, 3250, 'Paid'),
(4070, 1139, 3575, 'Paid'),
(4071, 1141, 3900, 'Pending'),
(4072, 1143, 4225, 'Paid'),
(4073, 1145, 4550, 'Paid'),
(4074, 1147, 4875, 'Paid'),
(4075, 1149, 5200, 'Paid'),
(4076, 1151, 5525, 'Pending'),
(4077, 1153, 5850, 'Paid'),
(4078, 1155, 6175, 'Paid'),
(4079, 1157, 6500, 'Paid'),
(4080, 1159, 6825, 'Paid'),
(4081, 1161, 650, 'Pending'),
(4082, 1163, 975, 'Paid'),
(4083, 1165, 1300, 'Paid'),
(4084, 1167, 1625, 'Paid'),
(4085, 1169, 1950, 'Paid'),
(4086, 1171, 2275, 'Pending'),
(4087, 1173, 2600, 'Paid'),
(4088, 1175, 2925, 'Paid'),
(4089, 1177, 3250, 'Paid'),
(4090, 1179, 3575, 'Paid'),
(4091, 1181, 3900, 'Pending'),
(4092, 1183, 4225, 'Paid'),
(4093, 1185, 4550, 'Paid'),
(4094, 1187, 4875, 'Paid'),
(4095, 1189, 5200, 'Paid'),
(4096, 1191, 5525, 'Pending'),
(4097, 1193, 5850, 'Paid'),
(4098, 1195, 6175, 'Paid'),
(4099, 1197, 6500, 'Paid'),
(4100, 1199, 6825, 'Paid');

INSERT INTO room_allocation (roomId, patientId, roomNumber, ward, admittedOn) VALUES
(5001, 501, '100', 'General', '2025-12-31'),
(5002, 502, '101', 'ICU', '2026-02-01'),
(5003, 503, '102', 'Pediatric', '2026-03-02'),
(5004, 504, '103', 'Surgical', '2026-04-03'),
(5005, 505, '104', 'Emergency', '2026-05-04'),
(5006, 506, '105', 'General', '2026-06-05'),
(5007, 507, '106', 'ICU', '2026-07-06'),
(5008, 508, '107', 'Pediatric', '2026-08-07'),
(5009, 509, '108', 'Surgical', '2026-09-08'),
(5010, 510, '109', 'Emergency', '2026-10-09'),
(5011, 511, '200', 'General', '2026-11-10'),
(5012, 512, '201', 'ICU', '2026-12-11'),
(5013, 513, '202', 'Pediatric', '2026-01-12'),
(5014, 514, '203', 'Surgical', '2026-02-13'),
(5015, 515, '204', 'Emergency', '2026-03-14'),
(5016, 516, '205', 'General', '2026-04-15'),
(5017, 517, '206', 'ICU', '2026-05-16'),
(5018, 518, '207', 'Pediatric', '2026-06-17'),
(5019, 519, '208', 'Surgical', '2026-07-18'),
(5020, 520, '209', 'Emergency', '2026-08-19'),
(5021, 521, '300', 'General', '2026-09-20'),
(5022, 522, '301', 'ICU', '2026-10-21'),
(5023, 523, '302', 'Pediatric', '2026-11-22'),
(5024, 524, '303', 'Surgical', '2026-12-23'),
(5025, 525, '304', 'Emergency', '2026-01-24'),
(5026, 526, '305', 'General', '2026-01-31'),
(5027, 527, '306', 'ICU', '2026-03-01'),
(5028, 528, '307', 'Pediatric', '2026-04-02'),
(5029, 529, '308', 'Surgical', '2026-05-03'),
(5030, 530, '309', 'Emergency', '2026-06-04'),
(5031, 531, '400', 'General', '2026-07-05'),
(5032, 532, '401', 'ICU', '2026-08-06'),
(5033, 533, '402', 'Pediatric', '2026-09-07'),
(5034, 534, '403', 'Surgical', '2026-10-08'),
(5035, 535, '404', 'Emergency', '2026-11-09'),
(5036, 536, '405', 'General', '2026-12-10'),
(5037, 537, '406', 'ICU', '2026-01-11'),
(5038, 538, '407', 'Pediatric', '2026-02-12'),
(5039, 539, '408', 'Surgical', '2026-03-13'),
(5040, 540, '409', 'Emergency', '2026-04-14'),
(5041, 541, '500', 'General', '2026-05-15'),
(5042, 542, '501', 'ICU', '2026-06-16'),
(5043, 543, '502', 'Pediatric', '2026-07-17'),
(5044, 544, '503', 'Surgical', '2026-08-18'),
(5045, 545, '504', 'Emergency', '2026-09-19');

INSERT INTO emergency_cases (emergencyId, patientId, DoctorId, severity, caseType) VALUES
(6001, 546, 106, 'Low', 'Accident'),
(6002, 547, 107, 'Medium', 'Chest Pain'),
(6003, 548, 108, 'High', 'High Fever'),
(6004, 549, 109, 'Critical', 'Breathing Difficulty'),
(6005, 550, 110, 'Low', 'Accident'),
(6006, 551, 111, 'Medium', 'Chest Pain'),
(6007, 552, 112, 'High', 'High Fever'),
(6008, 553, 113, 'Critical', 'Breathing Difficulty'),
(6009, 554, 114, 'Low', 'Accident'),
(6010, 555, 115, 'Medium', 'Chest Pain'),
(6011, 556, 116, 'High', 'High Fever'),
(6012, 557, 117, 'Critical', 'Breathing Difficulty'),
(6013, 558, 118, 'Low', 'Accident'),
(6014, 559, 119, 'Medium', 'Chest Pain'),
(6015, 560, 120, 'High', 'High Fever'),
(6016, 561, 121, 'Critical', 'Breathing Difficulty'),
(6017, 562, 122, 'Low', 'Accident'),
(6018, 563, 123, 'Medium', 'Chest Pain'),
(6019, 564, 124, 'High', 'High Fever'),
(6020, 565, 125, 'Critical', 'Breathing Difficulty'),
(6021, 566, 126, 'Low', 'Accident'),
(6022, 567, 127, 'Medium', 'Chest Pain'),
(6023, 568, 128, 'High', 'High Fever'),
(6024, 569, 129, 'Critical', 'Breathing Difficulty'),
(6025, 570, 130, 'Low', 'Accident'),
(6026, 571, 131, 'Medium', 'Chest Pain'),
(6027, 572, 132, 'High', 'High Fever'),
(6028, 573, 133, 'Critical', 'Breathing Difficulty'),
(6029, 574, 134, 'Low', 'Accident'),
(6030, 575, 135, 'Medium', 'Chest Pain');
