CREATE DATABASE IF NOT EXISTS college_db;

USE college_db;

SET FOREIGN_KEY_CHECKS = 0;

DROP TABLE IF EXISTS marks, attendance, exams, students, faculty, subjects, classrooms, sections, semesters, courses, departments;

SET FOREIGN_KEY_CHECKS = 1;

CREATE TABLE departments (department_id INT PRIMARY KEY, department_name VARCHAR(120) NOT NULL, hod_name VARCHAR(120) NOT NULL);

CREATE TABLE courses (course_id INT PRIMARY KEY, course_name VARCHAR(120) NOT NULL, department_id INT NOT NULL, duration_years INT NOT NULL, FOREIGN KEY (department_id) REFERENCES departments(department_id));

CREATE TABLE semesters (semester_id INT PRIMARY KEY, semester_number INT NOT NULL, academic_year VARCHAR(20) NOT NULL);

CREATE TABLE sections (section_id INT PRIMARY KEY, section_name VARCHAR(10) NOT NULL);

CREATE TABLE classrooms (classroom_id INT PRIMARY KEY, room_number VARCHAR(20) NOT NULL, capacity INT NOT NULL, block_name VARCHAR(40) NOT NULL);

CREATE TABLE subjects (subject_id INT PRIMARY KEY, subject_name VARCHAR(120) NOT NULL, department_id INT NOT NULL, semester_id INT NOT NULL, credits INT NOT NULL, FOREIGN KEY (department_id) REFERENCES departments(department_id), FOREIGN KEY (semester_id) REFERENCES semesters(semester_id));

CREATE TABLE faculty (faculty_id INT PRIMARY KEY, faculty_name VARCHAR(120) NOT NULL, email VARCHAR(160) UNIQUE NOT NULL, department_id INT NOT NULL, designation VARCHAR(80) NOT NULL, experience_years INT NOT NULL, FOREIGN KEY (department_id) REFERENCES departments(department_id));

CREATE TABLE students (student_id INT PRIMARY KEY, usn VARCHAR(20) UNIQUE NOT NULL, student_name VARCHAR(120) NOT NULL, email VARCHAR(160) UNIQUE NOT NULL, phone VARCHAR(15) NOT NULL, course_id INT NOT NULL, semester_id INT NOT NULL, section_id INT NOT NULL, address VARCHAR(255) NOT NULL, FOREIGN KEY (course_id) REFERENCES courses(course_id), FOREIGN KEY (semester_id) REFERENCES semesters(semester_id), FOREIGN KEY (section_id) REFERENCES sections(section_id));

CREATE TABLE exams (exam_id INT PRIMARY KEY, exam_name VARCHAR(120) NOT NULL, exam_date DATE NOT NULL, max_marks INT NOT NULL);

CREATE TABLE attendance (attendance_id INT PRIMARY KEY, student_id INT NOT NULL, subject_id INT NOT NULL, total_classes INT NOT NULL, attended_classes INT NOT NULL, FOREIGN KEY (student_id) REFERENCES students(student_id), FOREIGN KEY (subject_id) REFERENCES subjects(subject_id));

CREATE TABLE marks (mark_id INT PRIMARY KEY, student_id INT NOT NULL, subject_id INT NOT NULL, exam_id INT NOT NULL, internal_marks INT NOT NULL, external_marks INT NOT NULL, total_marks INT NOT NULL, FOREIGN KEY (student_id) REFERENCES students(student_id), FOREIGN KEY (subject_id) REFERENCES subjects(subject_id), FOREIGN KEY (exam_id) REFERENCES exams(exam_id));

INSERT INTO departments (department_id, department_name, hod_name) VALUES
(1, 'Computer Science', 'Dr. Ishaan Rao'),
(2, 'Information Science', 'Dr. Kavya Gowda'),
(3, 'Electronics', 'Dr. Nikhil Joshi'),
(4, 'Mechanical', 'Dr. Priya Verma'),
(5, 'Civil', 'Dr. Rahul Kulkarni'),
(6, 'MBA', 'Dr. Sneha Shetty');

INSERT INTO courses (course_id, course_name, department_id, duration_years) VALUES
(1, 'BE Computer Science', 1, 4),
(2, 'BE Information Science', 2, 4),
(3, 'BE Electronics', 3, 4),
(4, 'BE Mechanical', 4, 4),
(5, 'BE Civil', 5, 4),
(6, 'MBA', 6, 2);

INSERT INTO semesters (semester_id, semester_number, academic_year) VALUES
(1, 1, '2025-26'),
(2, 2, '2025-26'),
(3, 3, '2025-26'),
(4, 4, '2025-26'),
(5, 5, '2025-26'),
(6, 6, '2025-26'),
(7, 7, '2025-26'),
(8, 8, '2025-26');

INSERT INTO sections (section_id, section_name) VALUES
(1, 'A'),
(2, 'B'),
(3, 'C');

INSERT INTO classrooms (classroom_id, room_number, capacity, block_name) VALUES
(1, 'A-101', 55, 'A'),
(2, 'A-102', 65, 'A'),
(3, 'B-201', 75, 'B'),
(4, 'B-202', 55, 'B'),
(5, 'C-301', 65, 'C'),
(6, 'MBA-12', 75, 'MBA');

INSERT INTO subjects (subject_id, subject_name, department_id, semester_id, credits) VALUES
(1, 'Database Management Systems', 1, 4, 3),
(2, 'Data Structures', 1, 4, 4),
(3, 'Operating Systems', 1, 5, 3),
(4, 'Computer Networks', 2, 5, 4),
(5, 'Digital Electronics', 3, 3, 3),
(6, 'Thermodynamics', 4, 3, 4),
(7, 'Structural Analysis', 5, 4, 3),
(8, 'Business Analytics', 6, 2, 4);

INSERT INTO faculty (faculty_id, faculty_name, email, department_id, designation, experience_years) VALUES
(1, 'Dr. Meera Nair', 'faculty1@epcet.example', 1, 'Assistant Professor', 3),
(2, 'Prof. Kabir Khan', 'faculty2@epcet.example', 2, 'Associate Professor', 4),
(3, 'Prof. Ananya Iyer', 'faculty3@epcet.example', 3, 'Professor', 5),
(4, 'Dr. Rohan Das', 'faculty4@epcet.example', 4, 'Assistant Professor', 6),
(5, 'Prof. Sara Menon', 'faculty5@epcet.example', 5, 'Associate Professor', 7),
(6, 'Prof. Ishaan Rao', 'faculty6@epcet.example', 6, 'Professor', 8),
(7, 'Dr. Kavya Gowda', 'faculty7@epcet.example', 1, 'Assistant Professor', 9),
(8, 'Prof. Nikhil Joshi', 'faculty8@epcet.example', 2, 'Associate Professor', 10),
(9, 'Prof. Priya Verma', 'faculty9@epcet.example', 3, 'Professor', 11),
(10, 'Dr. Rahul Kulkarni', 'faculty10@epcet.example', 4, 'Assistant Professor', 12),
(11, 'Prof. Sneha Shetty', 'faculty11@epcet.example', 5, 'Associate Professor', 13),
(12, 'Prof. Aditya Bose', 'faculty12@epcet.example', 6, 'Professor', 14),
(13, 'Dr. Neha Sharma', 'faculty13@epcet.example', 1, 'Assistant Professor', 15),
(14, 'Prof. Varun Patel', 'faculty14@epcet.example', 2, 'Associate Professor', 16),
(15, 'Prof. Pooja Reddy', 'faculty15@epcet.example', 3, 'Professor', 17),
(16, 'Dr. Kiran Nair', 'faculty16@epcet.example', 4, 'Assistant Professor', 18),
(17, 'Prof. Sahana Khan', 'faculty17@epcet.example', 5, 'Associate Professor', 19),
(18, 'Prof. Aarav Iyer', 'faculty18@epcet.example', 6, 'Professor', 20);

INSERT INTO students (student_id, usn, student_name, email, phone, course_id, semester_id, section_id, address) VALUES
(1, '1EP23CS001', 'Aarav Sharma', 'aarav.sharma1@student.epcet.example', '9860000000', 1, 1, 1, '30, Bengaluru Main Road, Bengaluru'),
(2, '1EP24IS002', 'Diya Patel', 'diya.patel2@student.epcet.example', '9860009137', 2, 2, 2, '31, Mysuru Main Road, Mysuru'),
(3, '1EP25EC003', 'Vikram Reddy', 'vikram.reddy3@student.epcet.example', '9860018274', 3, 3, 3, '32, Mangaluru Main Road, Mangaluru'),
(4, '1EP23ME004', 'Meera Nair', 'meera.nair4@student.epcet.example', '9860027411', 4, 4, 1, '33, Hubballi Main Road, Hubballi'),
(5, '1EP24CV005', 'Kabir Khan', 'kabir.khan5@student.epcet.example', '9860036548', 5, 5, 2, '34, Tumakuru Main Road, Tumakuru'),
(6, '1EP25MB006', 'Ananya Iyer', 'ananya.iyer6@student.epcet.example', '9860045685', 6, 6, 3, '35, Davangere Main Road, Davangere'),
(7, '1EP23CS007', 'Rohan Das', 'rohan.das7@student.epcet.example', '9860054822', 1, 7, 1, '36, Bengaluru Main Road, Bengaluru'),
(8, '1EP24IS008', 'Sara Menon', 'sara.menon8@student.epcet.example', '9860063959', 2, 8, 2, '37, Mysuru Main Road, Mysuru'),
(9, '1EP25EC009', 'Ishaan Rao', 'ishaan.rao9@student.epcet.example', '9860073096', 3, 1, 3, '38, Mangaluru Main Road, Mangaluru'),
(10, '1EP23ME010', 'Kavya Gowda', 'kavya.gowda10@student.epcet.example', '9860082233', 4, 2, 1, '39, Hubballi Main Road, Hubballi'),
(11, '1EP24CV011', 'Nikhil Joshi', 'nikhil.joshi11@student.epcet.example', '9860091370', 5, 3, 2, '40, Tumakuru Main Road, Tumakuru'),
(12, '1EP25MB012', 'Priya Verma', 'priya.verma12@student.epcet.example', '9860100507', 6, 4, 3, '41, Davangere Main Road, Davangere'),
(13, '1EP23CS013', 'Rahul Kulkarni', 'rahul.kulkarni13@student.epcet.example', '9860109644', 1, 5, 1, '42, Bengaluru Main Road, Bengaluru'),
(14, '1EP24IS014', 'Sneha Shetty', 'sneha.shetty14@student.epcet.example', '9860118781', 2, 6, 2, '43, Mysuru Main Road, Mysuru'),
(15, '1EP25EC015', 'Aditya Bose', 'aditya.bose15@student.epcet.example', '9860127918', 3, 7, 3, '44, Mangaluru Main Road, Mangaluru'),
(16, '1EP23ME016', 'Neha Sharma', 'neha.sharma16@student.epcet.example', '9860137055', 4, 8, 1, '45, Hubballi Main Road, Hubballi'),
(17, '1EP24CV017', 'Varun Patel', 'varun.patel17@student.epcet.example', '9860146192', 5, 1, 2, '46, Tumakuru Main Road, Tumakuru'),
(18, '1EP25MB018', 'Pooja Reddy', 'pooja.reddy18@student.epcet.example', '9860155329', 6, 2, 3, '47, Davangere Main Road, Davangere'),
(19, '1EP23CS019', 'Kiran Nair', 'kiran.nair19@student.epcet.example', '9860164466', 1, 3, 1, '48, Bengaluru Main Road, Bengaluru'),
(20, '1EP24IS020', 'Sahana Khan', 'sahana.khan20@student.epcet.example', '9860173603', 2, 4, 2, '49, Mysuru Main Road, Mysuru'),
(21, '1EP25EC021', 'Aarav Iyer', 'aarav.iyer21@student.epcet.example', '9860182740', 3, 5, 3, '50, Mangaluru Main Road, Mangaluru'),
(22, '1EP23ME022', 'Diya Das', 'diya.das22@student.epcet.example', '9860191877', 4, 6, 1, '51, Hubballi Main Road, Hubballi'),
(23, '1EP24CV023', 'Vikram Menon', 'vikram.menon23@student.epcet.example', '9860201014', 5, 7, 2, '52, Tumakuru Main Road, Tumakuru'),
(24, '1EP25MB024', 'Meera Rao', 'meera.rao24@student.epcet.example', '9860210151', 6, 8, 3, '53, Davangere Main Road, Davangere'),
(25, '1EP23CS025', 'Kabir Gowda', 'kabir.gowda25@student.epcet.example', '9860219288', 1, 1, 1, '54, Bengaluru Main Road, Bengaluru'),
(26, '1EP24IS026', 'Ananya Joshi', 'ananya.joshi26@student.epcet.example', '9860228425', 2, 2, 2, '55, Mysuru Main Road, Mysuru'),
(27, '1EP25EC027', 'Rohan Verma', 'rohan.verma27@student.epcet.example', '9860237562', 3, 3, 3, '56, Mangaluru Main Road, Mangaluru'),
(28, '1EP23ME028', 'Sara Kulkarni', 'sara.kulkarni28@student.epcet.example', '9860246699', 4, 4, 1, '57, Hubballi Main Road, Hubballi'),
(29, '1EP24CV029', 'Ishaan Shetty', 'ishaan.shetty29@student.epcet.example', '9860255836', 5, 5, 2, '58, Tumakuru Main Road, Tumakuru'),
(30, '1EP25MB030', 'Kavya Bose', 'kavya.bose30@student.epcet.example', '9860264973', 6, 6, 3, '59, Davangere Main Road, Davangere'),
(31, '1EP23CS031', 'Nikhil Sharma', 'nikhil.sharma31@student.epcet.example', '9860274110', 1, 7, 1, '60, Bengaluru Main Road, Bengaluru'),
(32, '1EP24IS032', 'Priya Patel', 'priya.patel32@student.epcet.example', '9860283247', 2, 8, 2, '61, Mysuru Main Road, Mysuru'),
(33, '1EP25EC033', 'Rahul Reddy', 'rahul.reddy33@student.epcet.example', '9860292384', 3, 1, 3, '62, Mangaluru Main Road, Mangaluru'),
(34, '1EP23ME034', 'Sneha Nair', 'sneha.nair34@student.epcet.example', '9860301521', 4, 2, 1, '63, Hubballi Main Road, Hubballi'),
(35, '1EP24CV035', 'Aditya Khan', 'aditya.khan35@student.epcet.example', '9860310658', 5, 3, 2, '64, Tumakuru Main Road, Tumakuru'),
(36, '1EP25MB036', 'Neha Iyer', 'neha.iyer36@student.epcet.example', '9860319795', 6, 4, 3, '65, Davangere Main Road, Davangere'),
(37, '1EP23CS037', 'Varun Das', 'varun.das37@student.epcet.example', '9860328932', 1, 5, 1, '66, Bengaluru Main Road, Bengaluru'),
(38, '1EP24IS038', 'Pooja Menon', 'pooja.menon38@student.epcet.example', '9860338069', 2, 6, 2, '67, Mysuru Main Road, Mysuru'),
(39, '1EP25EC039', 'Kiran Rao', 'kiran.rao39@student.epcet.example', '9860347206', 3, 7, 3, '68, Mangaluru Main Road, Mangaluru'),
(40, '1EP23ME040', 'Sahana Gowda', 'sahana.gowda40@student.epcet.example', '9860356343', 4, 8, 1, '69, Hubballi Main Road, Hubballi'),
(41, '1EP24CV041', 'Aarav Joshi', 'aarav.joshi41@student.epcet.example', '9860365480', 5, 1, 2, '70, Tumakuru Main Road, Tumakuru'),
(42, '1EP25MB042', 'Diya Verma', 'diya.verma42@student.epcet.example', '9860374617', 6, 2, 3, '71, Davangere Main Road, Davangere'),
(43, '1EP23CS043', 'Vikram Kulkarni', 'vikram.kulkarni43@student.epcet.example', '9860383754', 1, 3, 1, '72, Bengaluru Main Road, Bengaluru'),
(44, '1EP24IS044', 'Meera Shetty', 'meera.shetty44@student.epcet.example', '9860392891', 2, 4, 2, '73, Mysuru Main Road, Mysuru'),
(45, '1EP25EC045', 'Kabir Bose', 'kabir.bose45@student.epcet.example', '9860402028', 3, 5, 3, '74, Mangaluru Main Road, Mangaluru'),
(46, '1EP23ME046', 'Ananya Sharma', 'ananya.sharma46@student.epcet.example', '9860411165', 4, 6, 1, '75, Hubballi Main Road, Hubballi'),
(47, '1EP24CV047', 'Rohan Patel', 'rohan.patel47@student.epcet.example', '9860420302', 5, 7, 2, '76, Tumakuru Main Road, Tumakuru'),
(48, '1EP25MB048', 'Sara Reddy', 'sara.reddy48@student.epcet.example', '9860429439', 6, 8, 3, '77, Davangere Main Road, Davangere'),
(49, '1EP23CS049', 'Ishaan Nair', 'ishaan.nair49@student.epcet.example', '9860438576', 1, 1, 1, '78, Bengaluru Main Road, Bengaluru'),
(50, '1EP24IS050', 'Kavya Khan', 'kavya.khan50@student.epcet.example', '9860447713', 2, 2, 2, '79, Mysuru Main Road, Mysuru'),
(51, '1EP25EC051', 'Nikhil Iyer', 'nikhil.iyer51@student.epcet.example', '9860456850', 3, 3, 3, '80, Mangaluru Main Road, Mangaluru'),
(52, '1EP23ME052', 'Priya Das', 'priya.das52@student.epcet.example', '9860465987', 4, 4, 1, '81, Hubballi Main Road, Hubballi'),
(53, '1EP24CV053', 'Rahul Menon', 'rahul.menon53@student.epcet.example', '9860475124', 5, 5, 2, '82, Tumakuru Main Road, Tumakuru'),
(54, '1EP25MB054', 'Sneha Rao', 'sneha.rao54@student.epcet.example', '9860484261', 6, 6, 3, '83, Davangere Main Road, Davangere'),
(55, '1EP23CS055', 'Aditya Gowda', 'aditya.gowda55@student.epcet.example', '9860493398', 1, 7, 1, '84, Bengaluru Main Road, Bengaluru'),
(56, '1EP24IS056', 'Neha Joshi', 'neha.joshi56@student.epcet.example', '9860502535', 2, 8, 2, '85, Mysuru Main Road, Mysuru'),
(57, '1EP25EC057', 'Varun Verma', 'varun.verma57@student.epcet.example', '9860511672', 3, 1, 3, '86, Mangaluru Main Road, Mangaluru'),
(58, '1EP23ME058', 'Pooja Kulkarni', 'pooja.kulkarni58@student.epcet.example', '9860520809', 4, 2, 1, '87, Hubballi Main Road, Hubballi'),
(59, '1EP24CV059', 'Kiran Shetty', 'kiran.shetty59@student.epcet.example', '9860529946', 5, 3, 2, '88, Tumakuru Main Road, Tumakuru'),
(60, '1EP25MB060', 'Sahana Bose', 'sahana.bose60@student.epcet.example', '9860539083', 6, 4, 3, '89, Davangere Main Road, Davangere'),
(61, '1EP23CS061', 'Aarav Sharma', 'aarav.sharma61@student.epcet.example', '9860548220', 1, 5, 1, '90, Bengaluru Main Road, Bengaluru'),
(62, '1EP24IS062', 'Diya Patel', 'diya.patel62@student.epcet.example', '9860557357', 2, 6, 2, '91, Mysuru Main Road, Mysuru'),
(63, '1EP25EC063', 'Vikram Reddy', 'vikram.reddy63@student.epcet.example', '9860566494', 3, 7, 3, '92, Mangaluru Main Road, Mangaluru'),
(64, '1EP23ME064', 'Meera Nair', 'meera.nair64@student.epcet.example', '9860575631', 4, 8, 1, '93, Hubballi Main Road, Hubballi'),
(65, '1EP24CV065', 'Kabir Khan', 'kabir.khan65@student.epcet.example', '9860584768', 5, 1, 2, '94, Tumakuru Main Road, Tumakuru'),
(66, '1EP25MB066', 'Ananya Iyer', 'ananya.iyer66@student.epcet.example', '9860593905', 6, 2, 3, '95, Davangere Main Road, Davangere'),
(67, '1EP23CS067', 'Rohan Das', 'rohan.das67@student.epcet.example', '9860603042', 1, 3, 1, '96, Bengaluru Main Road, Bengaluru'),
(68, '1EP24IS068', 'Sara Menon', 'sara.menon68@student.epcet.example', '9860612179', 2, 4, 2, '97, Mysuru Main Road, Mysuru'),
(69, '1EP25EC069', 'Ishaan Rao', 'ishaan.rao69@student.epcet.example', '9860621316', 3, 5, 3, '98, Mangaluru Main Road, Mangaluru'),
(70, '1EP23ME070', 'Kavya Gowda', 'kavya.gowda70@student.epcet.example', '9860630453', 4, 6, 1, '99, Hubballi Main Road, Hubballi'),
(71, '1EP24CV071', 'Nikhil Joshi', 'nikhil.joshi71@student.epcet.example', '9860639590', 5, 7, 2, '100, Tumakuru Main Road, Tumakuru'),
(72, '1EP25MB072', 'Priya Verma', 'priya.verma72@student.epcet.example', '9860648727', 6, 8, 3, '101, Davangere Main Road, Davangere');

INSERT INTO exams (exam_id, exam_name, exam_date, max_marks) VALUES
(1, 'Internal Test 1', '2026-02-15', 50),
(2, 'Internal Test 2', '2026-03-15', 50),
(3, 'Semester End Exam', '2026-04-15', 100);

INSERT INTO attendance (attendance_id, student_id, subject_id, total_classes, attended_classes) VALUES
(1, 1, 1, 60, 42),
(2, 1, 2, 60, 43),
(3, 1, 3, 60, 44),
(4, 1, 4, 60, 45),
(5, 2, 1, 60, 43),
(6, 2, 2, 60, 44),
(7, 2, 3, 60, 45),
(8, 2, 4, 60, 46),
(9, 3, 1, 60, 44),
(10, 3, 2, 60, 45),
(11, 3, 3, 60, 46),
(12, 3, 4, 60, 47),
(13, 4, 1, 60, 45),
(14, 4, 2, 60, 46),
(15, 4, 3, 60, 47),
(16, 4, 4, 60, 48),
(17, 5, 1, 60, 46),
(18, 5, 2, 60, 47),
(19, 5, 3, 60, 48),
(20, 5, 4, 60, 49),
(21, 6, 1, 60, 47),
(22, 6, 2, 60, 48),
(23, 6, 3, 60, 49),
(24, 6, 4, 60, 50),
(25, 7, 1, 60, 48),
(26, 7, 2, 60, 49),
(27, 7, 3, 60, 50),
(28, 7, 4, 60, 51),
(29, 8, 1, 60, 49),
(30, 8, 2, 60, 50),
(31, 8, 3, 60, 51),
(32, 8, 4, 60, 52),
(33, 9, 1, 60, 50),
(34, 9, 2, 60, 51),
(35, 9, 3, 60, 52),
(36, 9, 4, 60, 53),
(37, 10, 1, 60, 51),
(38, 10, 2, 60, 52),
(39, 10, 3, 60, 53),
(40, 10, 4, 60, 54),
(41, 11, 1, 60, 52),
(42, 11, 2, 60, 53),
(43, 11, 3, 60, 54),
(44, 11, 4, 60, 55),
(45, 12, 1, 60, 53),
(46, 12, 2, 60, 54),
(47, 12, 3, 60, 55),
(48, 12, 4, 60, 56),
(49, 13, 1, 60, 54),
(50, 13, 2, 60, 55),
(51, 13, 3, 60, 56),
(52, 13, 4, 60, 57),
(53, 14, 1, 60, 55),
(54, 14, 2, 60, 56),
(55, 14, 3, 60, 57),
(56, 14, 4, 60, 58),
(57, 15, 1, 60, 56),
(58, 15, 2, 60, 57),
(59, 15, 3, 60, 58),
(60, 15, 4, 60, 59),
(61, 16, 1, 60, 57),
(62, 16, 2, 60, 58),
(63, 16, 3, 60, 59),
(64, 16, 4, 60, 42),
(65, 17, 1, 60, 58),
(66, 17, 2, 60, 59),
(67, 17, 3, 60, 42),
(68, 17, 4, 60, 43),
(69, 18, 1, 60, 59),
(70, 18, 2, 60, 42),
(71, 18, 3, 60, 43),
(72, 18, 4, 60, 44),
(73, 19, 1, 60, 42),
(74, 19, 2, 60, 43),
(75, 19, 3, 60, 44),
(76, 19, 4, 60, 45),
(77, 20, 1, 60, 43),
(78, 20, 2, 60, 44),
(79, 20, 3, 60, 45),
(80, 20, 4, 60, 46),
(81, 21, 1, 60, 44),
(82, 21, 2, 60, 45),
(83, 21, 3, 60, 46),
(84, 21, 4, 60, 47),
(85, 22, 1, 60, 45),
(86, 22, 2, 60, 46),
(87, 22, 3, 60, 47),
(88, 22, 4, 60, 48),
(89, 23, 1, 60, 46),
(90, 23, 2, 60, 47),
(91, 23, 3, 60, 48),
(92, 23, 4, 60, 49),
(93, 24, 1, 60, 47),
(94, 24, 2, 60, 48),
(95, 24, 3, 60, 49),
(96, 24, 4, 60, 50),
(97, 25, 1, 60, 48),
(98, 25, 2, 60, 49),
(99, 25, 3, 60, 50),
(100, 25, 4, 60, 51),
(101, 26, 1, 60, 49),
(102, 26, 2, 60, 50),
(103, 26, 3, 60, 51),
(104, 26, 4, 60, 52),
(105, 27, 1, 60, 50),
(106, 27, 2, 60, 51),
(107, 27, 3, 60, 52),
(108, 27, 4, 60, 53),
(109, 28, 1, 60, 51),
(110, 28, 2, 60, 52),
(111, 28, 3, 60, 53),
(112, 28, 4, 60, 54),
(113, 29, 1, 60, 52),
(114, 29, 2, 60, 53),
(115, 29, 3, 60, 54),
(116, 29, 4, 60, 55),
(117, 30, 1, 60, 53),
(118, 30, 2, 60, 54),
(119, 30, 3, 60, 55),
(120, 30, 4, 60, 56),
(121, 31, 1, 60, 54),
(122, 31, 2, 60, 55),
(123, 31, 3, 60, 56),
(124, 31, 4, 60, 57),
(125, 32, 1, 60, 55),
(126, 32, 2, 60, 56),
(127, 32, 3, 60, 57),
(128, 32, 4, 60, 58),
(129, 33, 1, 60, 56),
(130, 33, 2, 60, 57),
(131, 33, 3, 60, 58),
(132, 33, 4, 60, 59),
(133, 34, 1, 60, 57),
(134, 34, 2, 60, 58),
(135, 34, 3, 60, 59),
(136, 34, 4, 60, 42),
(137, 35, 1, 60, 58),
(138, 35, 2, 60, 59),
(139, 35, 3, 60, 42),
(140, 35, 4, 60, 43),
(141, 36, 1, 60, 59),
(142, 36, 2, 60, 42),
(143, 36, 3, 60, 43),
(144, 36, 4, 60, 44),
(145, 37, 1, 60, 42),
(146, 37, 2, 60, 43),
(147, 37, 3, 60, 44),
(148, 37, 4, 60, 45),
(149, 38, 1, 60, 43),
(150, 38, 2, 60, 44),
(151, 38, 3, 60, 45),
(152, 38, 4, 60, 46),
(153, 39, 1, 60, 44),
(154, 39, 2, 60, 45),
(155, 39, 3, 60, 46),
(156, 39, 4, 60, 47),
(157, 40, 1, 60, 45),
(158, 40, 2, 60, 46),
(159, 40, 3, 60, 47),
(160, 40, 4, 60, 48),
(161, 41, 1, 60, 46),
(162, 41, 2, 60, 47),
(163, 41, 3, 60, 48),
(164, 41, 4, 60, 49),
(165, 42, 1, 60, 47),
(166, 42, 2, 60, 48),
(167, 42, 3, 60, 49),
(168, 42, 4, 60, 50),
(169, 43, 1, 60, 48),
(170, 43, 2, 60, 49),
(171, 43, 3, 60, 50),
(172, 43, 4, 60, 51),
(173, 44, 1, 60, 49),
(174, 44, 2, 60, 50),
(175, 44, 3, 60, 51),
(176, 44, 4, 60, 52),
(177, 45, 1, 60, 50),
(178, 45, 2, 60, 51),
(179, 45, 3, 60, 52),
(180, 45, 4, 60, 53),
(181, 46, 1, 60, 51),
(182, 46, 2, 60, 52),
(183, 46, 3, 60, 53),
(184, 46, 4, 60, 54),
(185, 47, 1, 60, 52),
(186, 47, 2, 60, 53),
(187, 47, 3, 60, 54),
(188, 47, 4, 60, 55),
(189, 48, 1, 60, 53),
(190, 48, 2, 60, 54),
(191, 48, 3, 60, 55),
(192, 48, 4, 60, 56),
(193, 49, 1, 60, 54),
(194, 49, 2, 60, 55),
(195, 49, 3, 60, 56),
(196, 49, 4, 60, 57),
(197, 50, 1, 60, 55),
(198, 50, 2, 60, 56),
(199, 50, 3, 60, 57),
(200, 50, 4, 60, 58),
(201, 51, 1, 60, 56),
(202, 51, 2, 60, 57),
(203, 51, 3, 60, 58),
(204, 51, 4, 60, 59),
(205, 52, 1, 60, 57),
(206, 52, 2, 60, 58),
(207, 52, 3, 60, 59),
(208, 52, 4, 60, 42),
(209, 53, 1, 60, 58),
(210, 53, 2, 60, 59),
(211, 53, 3, 60, 42),
(212, 53, 4, 60, 43),
(213, 54, 1, 60, 59),
(214, 54, 2, 60, 42),
(215, 54, 3, 60, 43),
(216, 54, 4, 60, 44),
(217, 55, 1, 60, 42),
(218, 55, 2, 60, 43),
(219, 55, 3, 60, 44),
(220, 55, 4, 60, 45),
(221, 56, 1, 60, 43),
(222, 56, 2, 60, 44),
(223, 56, 3, 60, 45),
(224, 56, 4, 60, 46),
(225, 57, 1, 60, 44),
(226, 57, 2, 60, 45),
(227, 57, 3, 60, 46),
(228, 57, 4, 60, 47),
(229, 58, 1, 60, 45),
(230, 58, 2, 60, 46),
(231, 58, 3, 60, 47),
(232, 58, 4, 60, 48),
(233, 59, 1, 60, 46),
(234, 59, 2, 60, 47),
(235, 59, 3, 60, 48),
(236, 59, 4, 60, 49),
(237, 60, 1, 60, 47),
(238, 60, 2, 60, 48),
(239, 60, 3, 60, 49),
(240, 60, 4, 60, 50),
(241, 61, 1, 60, 48),
(242, 61, 2, 60, 49),
(243, 61, 3, 60, 50),
(244, 61, 4, 60, 51),
(245, 62, 1, 60, 49),
(246, 62, 2, 60, 50),
(247, 62, 3, 60, 51),
(248, 62, 4, 60, 52),
(249, 63, 1, 60, 50),
(250, 63, 2, 60, 51),
(251, 63, 3, 60, 52),
(252, 63, 4, 60, 53),
(253, 64, 1, 60, 51),
(254, 64, 2, 60, 52),
(255, 64, 3, 60, 53),
(256, 64, 4, 60, 54),
(257, 65, 1, 60, 52),
(258, 65, 2, 60, 53),
(259, 65, 3, 60, 54),
(260, 65, 4, 60, 55),
(261, 66, 1, 60, 53),
(262, 66, 2, 60, 54),
(263, 66, 3, 60, 55),
(264, 66, 4, 60, 56),
(265, 67, 1, 60, 54),
(266, 67, 2, 60, 55),
(267, 67, 3, 60, 56),
(268, 67, 4, 60, 57),
(269, 68, 1, 60, 55),
(270, 68, 2, 60, 56),
(271, 68, 3, 60, 57),
(272, 68, 4, 60, 58),
(273, 69, 1, 60, 56),
(274, 69, 2, 60, 57),
(275, 69, 3, 60, 58),
(276, 69, 4, 60, 59),
(277, 70, 1, 60, 57),
(278, 70, 2, 60, 58),
(279, 70, 3, 60, 59),
(280, 70, 4, 60, 42),
(281, 71, 1, 60, 58),
(282, 71, 2, 60, 59),
(283, 71, 3, 60, 42),
(284, 71, 4, 60, 43),
(285, 72, 1, 60, 59),
(286, 72, 2, 60, 42),
(287, 72, 3, 60, 43),
(288, 72, 4, 60, 44);

INSERT INTO marks (mark_id, student_id, subject_id, exam_id, internal_marks, external_marks, total_marks) VALUES
(1, 1, 1, 1, 24, 42, 66),
(2, 1, 2, 2, 27, 47, 74),
(3, 1, 3, 3, 30, 52, 82),
(4, 1, 4, 1, 33, 57, 90),
(5, 2, 1, 1, 25, 44, 69),
(6, 2, 2, 2, 28, 49, 77),
(7, 2, 3, 3, 31, 54, 85),
(8, 2, 4, 1, 34, 59, 93),
(9, 3, 1, 1, 26, 46, 72),
(10, 3, 2, 2, 29, 51, 80),
(11, 3, 3, 3, 32, 56, 88),
(12, 3, 4, 1, 35, 61, 96),
(13, 4, 1, 1, 27, 48, 75),
(14, 4, 2, 2, 30, 53, 83),
(15, 4, 3, 3, 33, 58, 91),
(16, 4, 4, 1, 36, 63, 99),
(17, 5, 1, 1, 28, 50, 78),
(18, 5, 2, 2, 31, 55, 86),
(19, 5, 3, 3, 34, 60, 94),
(20, 5, 4, 1, 37, 65, 102),
(21, 6, 1, 1, 29, 52, 81),
(22, 6, 2, 2, 32, 57, 89),
(23, 6, 3, 3, 35, 62, 97),
(24, 6, 4, 1, 38, 67, 105),
(25, 7, 1, 1, 30, 54, 84),
(26, 7, 2, 2, 33, 59, 92),
(27, 7, 3, 3, 36, 64, 100),
(28, 7, 4, 1, 39, 69, 108),
(29, 8, 1, 1, 31, 56, 87),
(30, 8, 2, 2, 34, 61, 95),
(31, 8, 3, 3, 37, 66, 103),
(32, 8, 4, 1, 40, 71, 111),
(33, 9, 1, 1, 32, 58, 90),
(34, 9, 2, 2, 35, 63, 98),
(35, 9, 3, 3, 38, 68, 106),
(36, 9, 4, 1, 41, 73, 114),
(37, 10, 1, 1, 33, 60, 93),
(38, 10, 2, 2, 36, 65, 101),
(39, 10, 3, 3, 39, 70, 109),
(40, 10, 4, 1, 42, 75, 117),
(41, 11, 1, 1, 34, 62, 96),
(42, 11, 2, 2, 37, 67, 104),
(43, 11, 3, 3, 40, 72, 112),
(44, 11, 4, 1, 43, 77, 120),
(45, 12, 1, 1, 35, 64, 99),
(46, 12, 2, 2, 38, 69, 107),
(47, 12, 3, 3, 41, 74, 115),
(48, 12, 4, 1, 44, 79, 123),
(49, 13, 1, 1, 36, 66, 102),
(50, 13, 2, 2, 39, 71, 110),
(51, 13, 3, 3, 42, 76, 118),
(52, 13, 4, 1, 45, 81, 126),
(53, 14, 1, 1, 37, 68, 105),
(54, 14, 2, 2, 40, 73, 113),
(55, 14, 3, 3, 43, 78, 121),
(56, 14, 4, 1, 46, 83, 129),
(57, 15, 1, 1, 38, 70, 108),
(58, 15, 2, 2, 41, 75, 116),
(59, 15, 3, 3, 44, 80, 124),
(60, 15, 4, 1, 47, 85, 132),
(61, 16, 1, 1, 39, 72, 111),
(62, 16, 2, 2, 42, 77, 119),
(63, 16, 3, 3, 45, 82, 127),
(64, 16, 4, 1, 48, 87, 135),
(65, 17, 1, 1, 40, 74, 114),
(66, 17, 2, 2, 43, 79, 122),
(67, 17, 3, 3, 46, 84, 130),
(68, 17, 4, 1, 24, 89, 113),
(69, 18, 1, 1, 41, 76, 117),
(70, 18, 2, 2, 44, 81, 125),
(71, 18, 3, 3, 47, 86, 133),
(72, 18, 4, 1, 25, 91, 116),
(73, 19, 1, 1, 42, 78, 120),
(74, 19, 2, 2, 45, 83, 128),
(75, 19, 3, 3, 48, 88, 136),
(76, 19, 4, 1, 26, 43, 69),
(77, 20, 1, 1, 43, 80, 123),
(78, 20, 2, 2, 46, 85, 131),
(79, 20, 3, 3, 24, 90, 114),
(80, 20, 4, 1, 27, 45, 72),
(81, 21, 1, 1, 44, 82, 126),
(82, 21, 2, 2, 47, 87, 134),
(83, 21, 3, 3, 25, 42, 67),
(84, 21, 4, 1, 28, 47, 75),
(85, 22, 1, 1, 45, 84, 129),
(86, 22, 2, 2, 48, 89, 137),
(87, 22, 3, 3, 26, 44, 70),
(88, 22, 4, 1, 29, 49, 78),
(89, 23, 1, 1, 46, 86, 132),
(90, 23, 2, 2, 24, 91, 115),
(91, 23, 3, 3, 27, 46, 73),
(92, 23, 4, 1, 30, 51, 81),
(93, 24, 1, 1, 47, 88, 135),
(94, 24, 2, 2, 25, 43, 68),
(95, 24, 3, 3, 28, 48, 76),
(96, 24, 4, 1, 31, 53, 84),
(97, 25, 1, 1, 48, 90, 138),
(98, 25, 2, 2, 26, 45, 71),
(99, 25, 3, 3, 29, 50, 79),
(100, 25, 4, 1, 32, 55, 87),
(101, 26, 1, 1, 24, 42, 66),
(102, 26, 2, 2, 27, 47, 74),
(103, 26, 3, 3, 30, 52, 82),
(104, 26, 4, 1, 33, 57, 90),
(105, 27, 1, 1, 25, 44, 69),
(106, 27, 2, 2, 28, 49, 77),
(107, 27, 3, 3, 31, 54, 85),
(108, 27, 4, 1, 34, 59, 93),
(109, 28, 1, 1, 26, 46, 72),
(110, 28, 2, 2, 29, 51, 80),
(111, 28, 3, 3, 32, 56, 88),
(112, 28, 4, 1, 35, 61, 96),
(113, 29, 1, 1, 27, 48, 75),
(114, 29, 2, 2, 30, 53, 83),
(115, 29, 3, 3, 33, 58, 91),
(116, 29, 4, 1, 36, 63, 99),
(117, 30, 1, 1, 28, 50, 78),
(118, 30, 2, 2, 31, 55, 86),
(119, 30, 3, 3, 34, 60, 94),
(120, 30, 4, 1, 37, 65, 102),
(121, 31, 1, 1, 29, 52, 81),
(122, 31, 2, 2, 32, 57, 89),
(123, 31, 3, 3, 35, 62, 97),
(124, 31, 4, 1, 38, 67, 105),
(125, 32, 1, 1, 30, 54, 84),
(126, 32, 2, 2, 33, 59, 92),
(127, 32, 3, 3, 36, 64, 100),
(128, 32, 4, 1, 39, 69, 108),
(129, 33, 1, 1, 31, 56, 87),
(130, 33, 2, 2, 34, 61, 95),
(131, 33, 3, 3, 37, 66, 103),
(132, 33, 4, 1, 40, 71, 111),
(133, 34, 1, 1, 32, 58, 90),
(134, 34, 2, 2, 35, 63, 98),
(135, 34, 3, 3, 38, 68, 106),
(136, 34, 4, 1, 41, 73, 114),
(137, 35, 1, 1, 33, 60, 93),
(138, 35, 2, 2, 36, 65, 101),
(139, 35, 3, 3, 39, 70, 109),
(140, 35, 4, 1, 42, 75, 117),
(141, 36, 1, 1, 34, 62, 96),
(142, 36, 2, 2, 37, 67, 104),
(143, 36, 3, 3, 40, 72, 112),
(144, 36, 4, 1, 43, 77, 120),
(145, 37, 1, 1, 35, 64, 99),
(146, 37, 2, 2, 38, 69, 107),
(147, 37, 3, 3, 41, 74, 115),
(148, 37, 4, 1, 44, 79, 123),
(149, 38, 1, 1, 36, 66, 102),
(150, 38, 2, 2, 39, 71, 110),
(151, 38, 3, 3, 42, 76, 118),
(152, 38, 4, 1, 45, 81, 126),
(153, 39, 1, 1, 37, 68, 105),
(154, 39, 2, 2, 40, 73, 113),
(155, 39, 3, 3, 43, 78, 121),
(156, 39, 4, 1, 46, 83, 129),
(157, 40, 1, 1, 38, 70, 108),
(158, 40, 2, 2, 41, 75, 116),
(159, 40, 3, 3, 44, 80, 124),
(160, 40, 4, 1, 47, 85, 132),
(161, 41, 1, 1, 39, 72, 111),
(162, 41, 2, 2, 42, 77, 119),
(163, 41, 3, 3, 45, 82, 127),
(164, 41, 4, 1, 48, 87, 135),
(165, 42, 1, 1, 40, 74, 114),
(166, 42, 2, 2, 43, 79, 122),
(167, 42, 3, 3, 46, 84, 130),
(168, 42, 4, 1, 24, 89, 113),
(169, 43, 1, 1, 41, 76, 117),
(170, 43, 2, 2, 44, 81, 125),
(171, 43, 3, 3, 47, 86, 133),
(172, 43, 4, 1, 25, 91, 116),
(173, 44, 1, 1, 42, 78, 120),
(174, 44, 2, 2, 45, 83, 128),
(175, 44, 3, 3, 48, 88, 136),
(176, 44, 4, 1, 26, 43, 69),
(177, 45, 1, 1, 43, 80, 123),
(178, 45, 2, 2, 46, 85, 131),
(179, 45, 3, 3, 24, 90, 114),
(180, 45, 4, 1, 27, 45, 72),
(181, 46, 1, 1, 44, 82, 126),
(182, 46, 2, 2, 47, 87, 134),
(183, 46, 3, 3, 25, 42, 67),
(184, 46, 4, 1, 28, 47, 75),
(185, 47, 1, 1, 45, 84, 129),
(186, 47, 2, 2, 48, 89, 137),
(187, 47, 3, 3, 26, 44, 70),
(188, 47, 4, 1, 29, 49, 78),
(189, 48, 1, 1, 46, 86, 132),
(190, 48, 2, 2, 24, 91, 115),
(191, 48, 3, 3, 27, 46, 73),
(192, 48, 4, 1, 30, 51, 81),
(193, 49, 1, 1, 47, 88, 135),
(194, 49, 2, 2, 25, 43, 68),
(195, 49, 3, 3, 28, 48, 76),
(196, 49, 4, 1, 31, 53, 84),
(197, 50, 1, 1, 48, 90, 138),
(198, 50, 2, 2, 26, 45, 71),
(199, 50, 3, 3, 29, 50, 79),
(200, 50, 4, 1, 32, 55, 87),
(201, 51, 1, 1, 24, 42, 66),
(202, 51, 2, 2, 27, 47, 74),
(203, 51, 3, 3, 30, 52, 82),
(204, 51, 4, 1, 33, 57, 90),
(205, 52, 1, 1, 25, 44, 69),
(206, 52, 2, 2, 28, 49, 77),
(207, 52, 3, 3, 31, 54, 85),
(208, 52, 4, 1, 34, 59, 93),
(209, 53, 1, 1, 26, 46, 72),
(210, 53, 2, 2, 29, 51, 80),
(211, 53, 3, 3, 32, 56, 88),
(212, 53, 4, 1, 35, 61, 96),
(213, 54, 1, 1, 27, 48, 75),
(214, 54, 2, 2, 30, 53, 83),
(215, 54, 3, 3, 33, 58, 91),
(216, 54, 4, 1, 36, 63, 99),
(217, 55, 1, 1, 28, 50, 78),
(218, 55, 2, 2, 31, 55, 86),
(219, 55, 3, 3, 34, 60, 94),
(220, 55, 4, 1, 37, 65, 102),
(221, 56, 1, 1, 29, 52, 81),
(222, 56, 2, 2, 32, 57, 89),
(223, 56, 3, 3, 35, 62, 97),
(224, 56, 4, 1, 38, 67, 105),
(225, 57, 1, 1, 30, 54, 84),
(226, 57, 2, 2, 33, 59, 92),
(227, 57, 3, 3, 36, 64, 100),
(228, 57, 4, 1, 39, 69, 108),
(229, 58, 1, 1, 31, 56, 87),
(230, 58, 2, 2, 34, 61, 95),
(231, 58, 3, 3, 37, 66, 103),
(232, 58, 4, 1, 40, 71, 111),
(233, 59, 1, 1, 32, 58, 90),
(234, 59, 2, 2, 35, 63, 98),
(235, 59, 3, 3, 38, 68, 106),
(236, 59, 4, 1, 41, 73, 114),
(237, 60, 1, 1, 33, 60, 93),
(238, 60, 2, 2, 36, 65, 101),
(239, 60, 3, 3, 39, 70, 109),
(240, 60, 4, 1, 42, 75, 117),
(241, 61, 1, 1, 34, 62, 96),
(242, 61, 2, 2, 37, 67, 104),
(243, 61, 3, 3, 40, 72, 112),
(244, 61, 4, 1, 43, 77, 120),
(245, 62, 1, 1, 35, 64, 99),
(246, 62, 2, 2, 38, 69, 107),
(247, 62, 3, 3, 41, 74, 115),
(248, 62, 4, 1, 44, 79, 123),
(249, 63, 1, 1, 36, 66, 102),
(250, 63, 2, 2, 39, 71, 110),
(251, 63, 3, 3, 42, 76, 118),
(252, 63, 4, 1, 45, 81, 126),
(253, 64, 1, 1, 37, 68, 105),
(254, 64, 2, 2, 40, 73, 113),
(255, 64, 3, 3, 43, 78, 121),
(256, 64, 4, 1, 46, 83, 129),
(257, 65, 1, 1, 38, 70, 108),
(258, 65, 2, 2, 41, 75, 116),
(259, 65, 3, 3, 44, 80, 124),
(260, 65, 4, 1, 47, 85, 132),
(261, 66, 1, 1, 39, 72, 111),
(262, 66, 2, 2, 42, 77, 119),
(263, 66, 3, 3, 45, 82, 127),
(264, 66, 4, 1, 48, 87, 135),
(265, 67, 1, 1, 40, 74, 114),
(266, 67, 2, 2, 43, 79, 122),
(267, 67, 3, 3, 46, 84, 130),
(268, 67, 4, 1, 24, 89, 113),
(269, 68, 1, 1, 41, 76, 117),
(270, 68, 2, 2, 44, 81, 125),
(271, 68, 3, 3, 47, 86, 133),
(272, 68, 4, 1, 25, 91, 116),
(273, 69, 1, 1, 42, 78, 120),
(274, 69, 2, 2, 45, 83, 128),
(275, 69, 3, 3, 48, 88, 136),
(276, 69, 4, 1, 26, 43, 69),
(277, 70, 1, 1, 43, 80, 123),
(278, 70, 2, 2, 46, 85, 131),
(279, 70, 3, 3, 24, 90, 114),
(280, 70, 4, 1, 27, 45, 72),
(281, 71, 1, 1, 44, 82, 126),
(282, 71, 2, 2, 47, 87, 134),
(283, 71, 3, 3, 25, 42, 67),
(284, 71, 4, 1, 28, 47, 75),
(285, 72, 1, 1, 45, 84, 129),
(286, 72, 2, 2, 48, 89, 137),
(287, 72, 3, 3, 26, 44, 70),
(288, 72, 4, 1, 29, 49, 78);
